0,0,0,0,0,1,2,4,3,0,5,0,0,0,4,0,0,0,139,0,0,0,0,0,0,0,0,3,2,0,0,0,0,0,0,0,0,0,0,0,0,318,0,0,0,0,0,0,2,6,0,2,0,0,0,1,0,0,0,0,0,0,0,0,0,0,0,0,0,0,0,0,0,0,0,0,0,0,0,0,0,408,0,0,0,103,0,0,0,0,0,0,0,0,0,0,0,0,0,0,0,0,0,0,0,0,0,0,0,0,0,0,0,0,0,0,0,0,3,1,0,0,0,0,0,0,0,0,0,0,0,0,0,0,10570,0,0,0,0,0,0,0,0,0,0,0,0,0,11,0,0,0,0,0,0,0,0,0,7,0,0,768,0,53,0,0,0,0,0,0,0,0,0
0,0,0,0,0,0,0,0,0,0,0,0,0,0,0,0,0,0,0,0,0,0,0,0,0,0,0,0,0,0,0,0,0,0,0,0,0,0,0,0,0,0,0,0,0,0,0,0,0,0,0,0,0,0,0,0,0,0,0,0,0,0,0,0,0,0,0,0,0,0,0,0,0,0,0,0,0,0,0,0,0,0,0,0,0,0,0,0,0,0,0,0,0,0,0,0,0,0,0,0,0,0,0,0,0,0,0,0,0,0,0,0,0,0,0,0,0,0,0,0,0,0,0,0,0,0,0,0,0,0,0,0,0,0,0,0,0,0,0,0,0,0,0,0,0,0,0,0,0,0,0,0,0,0,0,0,0,0,0,0,0,0,0,0,0,0,0,0,0,0,0,0,0
0,0,0,0,0,0,393,717,0,0,3616,0,0,0,240,0,0,0,0,0,0,0,0,0,0,0,0,1885,428,12,0,0,0,0,0,4,0,0,0,54,114,3672,0,84,0,0,19,16,81,2,0,224,0,426,0,1720,0,0,0,0,0,0,11958,0,0,0,0,29,0,66,0,0,6,0,0,5,0,41274,0,0,0,3,0,0,0,0,0,0,0,0,0,0,0,0,0,84,0,0,0,0,0,0,0,10958,0,22,0,1093,0,0,0,0,0,0,0,0,0,0,327,553,0,0,0,0,0,0,1,0,19,7,0,0,0,3,72,0,0,0,0,0,0,0,0,56,0,0,31,75,915,0,0,0,0,0,0,0,0,0,1019,0,0,0,0,14908,0,0,0,0,0,0,39,0,0
2247,0,6,0,2,19,11980,620,1,0,417,0,0,0,366,944,9,0,32,3,3,104,6,2,0,73,669,18072,884,187,133,0,0,511,45,42,0,0,0,445,179,1929,0,677,8,60,36,2768,612,12,9232,671,8,1548,0,16832,0,3,2,0,0,0,346,5,3,104,1,8,1,330,8,6961,252,56,3095,14,552,1807,5,8992,349,829,140,0,0,441,18549,0,2029,0,384,2,836,7,16,11,7,1,16,0,0,0,396,0,0,83,0,2,0,13,16,6,3,369,27,0,0,0,1460,1795,0,690,55440,0,16,3,346,1,210,45,0,9556,8337,188,576,0,16235,502,1,923,0,0,1,26,0,9,102,7,3888,2,6118,0,11,6,0,0,7,12,33858,1,39,61,4,18097,1,4,34,0,0,457,3259,18,0
0,1,2,3,0,13,3818,707,0,0,319,0,0,0,62,0,39,0,123,0,8485,11341,0,0,0,5,2,5908,3276,30912,0,0,0,0,1,704,0,1,168,33,158,7328,0,408,237,0,2447,82,81,7,0,407,0,2590,0,2915,0,0,0,0,0,0,109,179,0,0,31,65,264,179,0,0,53,0,14,18,6847,16960,0,10,463,591,0,0,0,20,2,0,13,0,0,0,0,0,3,40,3,0,3,0,0,0,7594,1,0,7,0,10,0,0,0,0,0,0,29,0,0,19,1007,636,0,747,1,0,799,1773,21,0,96,348,3720,0,1,92,1290,0,0,0,0,1,0,0,39,28,0,1,229,159,928,0,0,0,0,0,0,0,0,1,630,0,0,295,2813,37796,0,1505,1,0,0,0,1156,1,0
0,0,0,0,0,0,0,14,0,0,533,0,0,0,4,0,0,0,801,0,0,0,0,0,0,0,0,0,1,2,0,0,0,0,0,0,0,0,0,0,211,0,0,0,0,0,0,0,0,14,0,35,0,0,0,0,0,0,0,0,0,0,0,0,0,0,0,0,0,0,0,0,0,0,0,2,0,0,0,0,0,2591,0,0,0,0,0,0,0,0,0,0,0,0,0,0,0,0,0,0,0,0,1,0,0,0,0,0,0,0,0,0,0,0,0,0,0,0,27,44,0,0,0,0,0,0,0,0,0,0,0,0,0,9,45505,0,0,0,0,0,0,0,0,0,0,0,6,0,238,0,0,0,0,0,0,0,0,0,829,0,0,5353,0,0,0,0,0,0,0,0,0,0,0
0,4,7,22,0,47,0,4033,2,0,1782,0,0,0,343,1,21,4,208,1,25,857,5,0,0,140,22,5889,4781,1526,508,0,0,5,7,32,0,1,1,647,609,13893,0,1032,12,0,272,92,570,34,1,2898,101,833,0,19512,0,3,0,0,0,0,1135,21,0,274,0,900,15,246,0,0,330,0,0,49,175,2321,0,29,1162,5472,0,0,0,329,8,0,2,0,0,2,0,0,0,287,11,0,12,5,0,0,322,147,0,1363,0,291,10,1,0,4,0,323,204,0,0,0,2303,2463,0,5644,5,0,80,29,132,0,290,203,0,0,5,351,5709,0,0,3,0,1253,0,0,2,605,0,0,915,333,1583,26,60,0,0,0,0,0,0,9,9918,0,0,572,0,13154,0,7,9,90,1,0,4171,240,0
0,0,0,0,0,0,0,0,0,0,371,0,0,0,316,0,2,11,22,0,3,220,0,0,0,0,7,429,10509,123,0,0,2,6,0,5,0,0,0,44,848,40724,0,209,4,0,63,47,0,12,0,222,0,317,0,1570,0,0,0,0,0,0,0,0,0,0,0,605,14,1800,0,0,0,0,0,0,0,808,0,0,0,2,0,0,0,0,0,0,0,0,0,0,0,0,0,220,1,0,0,0,0,0,0,0,0,22,0,37,0,0,0,0,0,0,75,0,0,0,139,259,0,0,0,0,7,0,0,0,453,37,0,0,0,3,748,0,0,0,0,0,0,0,0,543,0,0,916,0,110,0,0,0,0,4,0,0,0,0,2648,0,0,14,0,0,0,0,0,0,0,0,825,0,0
0,0,0,0,0,19,1,5,0,0,310,0,0,0,1,0,0,0,416,0,0,0,0,0,0,0,0,0,0,1,0,0,0,0,0,0,0,0,0,0,102,0,0,0,0,0,0,0,0,7,0,26,0,0,0,0,0,0,0,0,0,0,0,0,0,0,0,0,0,0,0,0,0,0,0,1,0,0,0,0,0,1854,0,0,0,2,0,0,0,0,0,0,0,0,0,0,0,0,0,0,0,0,1,0,0,0,0,0,0,0,0,0,0,0,0,0,0,0,20,27,0,0,0,0,0,0,0,0,0,0,0,0,0,6,24445,0,0,0,0,0,0,0,0,0,0,0,3,0,131,0,0,0,0,0,0,0,0,0,106,0,0,2677,0,1,0,0,0,0,0,0,0,0,0
0,0,0,0,0,0,71,5,0,0,129,0,0,0,1,0,0,0,0,0,0,1,0,0,0,0,0,274,27,0,0,0,0,1445,0,0,0,0,0,0,0,33,0,21,0,0,0,2,3,0,0,4,0,57,2,175,0,0,0,0,0,0,4,0,0,0,0,0,0,0,0,0,1,0,0,0,0,35,0,0,0,0,0,0,0,0,0,0,0,0,0,0,0,0,0,0,0,0,0,0,0,0,0,0,0,0,0,0,0,0,0,0,108,0,18,0,0,0,26,43,0,0,0,0,0,0,0,0,0,0,0,0,0,0,8,0,0,0,0,0,0,0,0,0,0,0,0,0,114,13,0,0,0,0,0,0,0,0,0,0,3107,0,0,0,0,0,0,0,0,0,175,73,0
0,0,0,0,0,0,1516,843,0,46,0,0,0,0,792,0,7,0,32,0,37,400,0,0,0,0,0,3625,4053,412,0,0,7,28,0,50,0,1,3,58,332,8384,0,517,29,0,249,92,1752,32,0,388,0,15354,0,4474,0,0,0,0,0,0,317,0,0,0,3,74,0,595,0,0,95,0,0,14,386,5890,0,0,59,123,0,0,0,18,0,0,0,0,0,0,0,0,0,6189,9,0,331,0,0,0,56,0,0,51,0,0,0,0,0,25,0,0,43,0,0,0,8583,486,0,0,0,0,54,33,22,0,1038,557,0,0,0,42,440,0,0,0,0,0,0,0,4,32,0,0,287,8,664,0,0,4,0,0,0,0,0,0,5882,0,0,82,0,2148,0,9,0,0,0,0,2613,0,0
0,0,0,0,0,0,54,29,0,0,589,0,0,0,10,0,0,0,0,0,0,9,0,0,0,0,0,577,195,1,0,0,71,0,4986,0,0,0,0,3,15,740,0,6,0,0,0,11,35,0,0,18,0,4318,2876,176,0,3502,984,0,0,0,2,0,0,0,0,0,0,8,0,0,6,0,0,1,0,626,0,0,0,0,0,0,0,0,0,0,0,0,0,0,0,0,0,0,0,0,0,0,0,0,0,0,0,0,0,0,0,0,0,0,0,0,55,0,40081,0,76,14,0,0,0,0,0,0,0,0,0,9,0,0,0,0,41,0,0,0,0,0,0,15,0,0,0,0,0,0,26,0,0,7445,0,0,0,0,0,0,0,0,0,0,0,0,0,0,0,0,0,0,73,0,0
0,0,0,0,2,0,38,75,0,0,688,3130,0,0,8,0,0,0,0,0,0,14,0,0,0,0,0,699,344,2,0,140334,0,0,22,0,0,0,0,0,11,1016,0,84,0,0,0,31,349,0,0,26,0,3225,989,473,0,19668,480,0,0,0,27,0,0,0,0,0,0,1,0,0,4,0,0,1,0,4755,0,0,7,0,0,0,0,0,0,0,0,48,0,0,0,1,0,0,0,0,0,0,0,0,0,0,1770,0,0,0,0,0,0,0,0,0,36,1573,524,0,213,29,0,0,0,0,0,0,0,0,0,1,0,0,0,2,271,0,0,0,0,0,0,6,0,0,0,0,0,0,55,0,0,3908,0,0,0,0,0,0,1,0,0,0,0,594,0,0,0,0,0,0,31,0,0
0,0,15,124741,69,0,49785,2075,0,0,2407,0,0,0,420,9810,20,0,14,20,35,510,24,409,0,162,14,33369,2703,468,3473,0,0,0,9,35,0,1,2,539,637,9420,0,1487,39,30,158,485,3707,24,0,2637,535,4876,0,117918,0,4,1,0,0,0,3959,20,19,4988,5,21,7,275,2,615623,1442,0,0,65,188,46218,16,0,11403,21,0,2,1,16574,106397,4,946,0,0,11,86,5,0,61,6,735,13,0,13,6901,1833,0,0,51,169,3,11,1,0,4520,3,149524,187,0,0,0,2328,1235,41,3322,315682,96,165,16,210,8,268,1087,0,111,36916,202,1556,0,280454,0,0,69770,0,0,6,22,0,40,127,21,4652,7,0,1,11751,8,0,1,17,6,908,0,13,274,14,139782,4,45,5298,0,0,0,4390,91,0
0,0,0,0,0,0,7,1413,0,0,5067,0,0,0,0,0,1,0,16,0,0,12,0,0,0,0,0,283,350,18,0,0,0,0,0,0,0,0,0,356,2118,6667,0,1460,0,0,16,1,0,6,0,662,0,1,0,552,0,0,0,0,0,0,0,0,0,0,0,15,0,1,0,0,0,0,0,19,0,1,0,0,1,583,0,0,0,0,0,0,0,0,0,0,0,0,0,84,0,0,0,10,0,0,1,159,0,100,0,10,0,0,0,0,0,0,2,0,0,0,1984,1872,0,0,0,0,3,0,0,0,77,38,0,0,0,0,975,0,0,0,0,0,0,0,0,21,0,0,345,501,795,0,0,0,0,0,0,0,0,0,53554,0,0,293,0,927,0,0,0,0,0,0,429,0,0
233,0,1,0,2,2,920,51,0,0,45,0,0,0,32,0,1,0,0,0,0,15,1,0,0,7,63,998,141,20,12,0,0,46,4,1,0,0,0,71,14,205,0,64,5,6,3,321,52,1,811,56,1,127,0,2294,0,0,0,0,0,0,40,0,0,9,0,1,0,12,1,0,27,8,304,1,60,186,0,856,34,63,12,0,0,41,1416,0,205,0,0,0,6,1,0,1,0,0,1,0,0,0,36,0,0,6,0,0,0,2,0,1,0,32,17,0,0,0,104,144,0,64,2559,0,2,0,18,0,9,5,0,1867,1127,18,17,0,2862,50,0,97,0,0,0,0,0,1,3,1,235,0,591,0,1,0,0,0,1,1,3001,0,3,5,0,849,0,0,3,0,0,42,349,2,0
0,0,0,0,0,0,20,2,0,0,0,0,0,0,0,0,0,0,0,0,0,1,3,0,0,0,0,26,11,1,0,0,0,0,0,0,0,0,0,0,0,0,0,3,0,0,8,0,0,0,0,2,0,0,0,11,0,0,0,0,0,0,0,0,1,0,0,0,0,0,0,0,0,0,0,3,0,0,0,0,0,1,0,0,0,0,0,0,0,0,0,0,0,0,0,0,0,0,0,0,0,0,0,0,0,0,0,0,0,0,0,0,0,0,4,0,0,0,0,4,0,0,0,0,0,0,0,0,0,0,0,0,0,0,1,0,0,0,0,0,0,0,0,0,0,0,0,0,0,0,0,0,0,0,0,0,0,0,0,0,0,1,0,2095,0,0,0,0,0,0,0,0,0
0,0,0,0,0,0,0,1051,0,0,60,0,0,0,5,0,0,0,2,0,0,0,0,0,0,0,0,0,245,0,0,0,0,0,0,0,0,0,0,0,62,507,0,4,0,0,0,0,2,0,0,38,0,0,0,0,0,0,0,0,0,0,0,0,0,0,0,600,0,1,0,0,0,0,0,0,0,0,0,0,0,7,0,0,0,0,0,0,0,0,0,0,0,0,0,22,0,0,0,0,0,0,0,104,0,1,0,20,0,0,0,0,0,0,0,0,0,0,3,9,0,0,0,0,0,0,0,0,2,0,0,0,0,0,7,0,0,0,0,0,0,0,0,4,0,0,9,56,7,0,0,0,0,0,0,0,0,0,66,0,0,12,0,16,0,0,0,0,0,0,0,0,0
0,0,0,0,0,0,0,0,0,0,0,0,0,0,0,0,0,0,0,0,0,0,0,0,0,0,0,0,0,0,0,0,0,0,0,0,0,0,0,0,0,0,0,0,0,0,0,0,0,0,0,0,0,0,0,0,0,0,0,0,0,0,0,0,0,0,0,0,0,0,0,0,0,0,0,0,0,0,0,0,0,0,0,0,0,0,0,0,0,0,0,0,0,0,0,0,0,0,0,0,0,0,0,0,0,0,0,0,0,0,0,0,0,0,0,0,0,0,0,0,0,0,0,0,0,0,0,0,0,0,0,0,0,0,0,0,0,0,0,0,0,0,0,0,0,0,0,0,0,0,0,0,0,0,0,0,0,0,0,0,0,0,0,0,0,0,0,0,0,0,0,0,0
0,0,0,0,0,0,10,7,0,0,0,0,0,0,0,0,6,0,0,0,11,1,3,0,0,0,0,145,9,1,0,0,0,0,0,0,0,0,0,0,0,0,0,0,0,0,0,0,6,0,0,1,0,0,0,86,0,0,0,0,0,0,0,116,0,0,6,0,0,2,0,0,0,0,0,0,0,1,0,0,0,0,0,0,0,0,0,0,0,0,0,0,0,0,0,0,0,0,0,0,0,0,767,0,0,0,0,0,0,0,0,0,0,0,0,0,0,0,0,0,0,0,0,0,10,0,0,0,0,0,0,0,0,0,0,0,0,0,0,0,0,0,0,0,0,0,0,0,0,0,0,0,0,0,0,0,0,0,0,0,0,0,0,1964,0,0,0,0,0,0,0,0,0
0,0,0,0,46426,1,139,26,0,0,18,0,0,0,1,0,0,0,4,0,0,9076,0,0,0,0,0,472,87,13827,0,0,5,24,0,109,0,0,21,1,5,189,0,14,18,0,422,0,6,0,0,15,0,36,0,72,0,0,0,0,0,0,0,23,0,0,12,1,0,1,0,0,0,0,0,1,0,260,0,0,18,49,0,0,0,3,0,0,0,0,0,0,0,0,0,1,0,0,0,0,0,0,583,0,0,0,0,0,0,0,0,0,0,0,1,0,0,1,25,27,0,1,0,0,82,645,1,0,3,2,32,0,0,1,39,0,0,0,0,0,0,0,5,0,0,0,3,0,178,0,0,0,0,0,0,0,0,0,20,0,0,18,0,5872,0,139,0,0,0,0,23,0,0
0,0,0,0,2792,1,3511,848,0,0,2034,0,0,0,31,0,24,0,31,0,2201,0,0,0,0,0,0,3651,6669,8266,3556,0,1,4,0,230,0,32,0,9,137,9637,0,452,62,0,706,15,0,11,0,487,0,2980,0,4906,0,1,0,0,0,0,82,44,486,0,17,24,0,331,0,0,310,0,0,29,373,7698,0,0,0,37,0,0,0,1,0,0,0,0,0,1,0,0,0,55,2,0,0,0,0,0,1710,0,0,20,0,0,0,0,0,0,0,0,108,0,0,0,2250,1275,0,907,0,0,357,203,2,0,34,9809,0,0,0,26,149,0,0,0,0,0,0,0,15,8,0,1116,24,38,1011,0,0,0,0,0,0,0,0,0,78,0,0,26,0,28291,0,300,0,0,0,0,828,0,0
0,0,0,0,0,0,0,2,0,0,0,0,0,0,0,0,15,0,0,0,0,3,0,0,0,0,0,207,6,2,0,0,0,0,0,0,0,0,0,0,1,0,0,0,0,0,0,0,2,0,0,1,0,0,0,434,0,0,0,0,0,0,0,0,32,0,0,0,0,0,0,0,0,0,0,0,0,0,0,0,0,0,0,0,0,0,0,0,0,0,0,55,0,0,0,0,0,0,0,0,0,0,0,0,0,0,0,0,0,0,0,0,0,0,0,0,0,0,6,1,0,0,0,0,1,0,0,0,0,0,0,0,0,0,0,0,0,0,0,0,0,0,0,0,0,0,0,0,0,0,0,0,0,0,0,0,59,0,0,0,0,0,0,0,1,0,0,0,0,0,3,0,0
0,0,0,0,0,0,949,3,0,0,2,0,0,0,0,0,0,0,0,0,0,15,0,0,0,0,0,373,11,1,11,0,0,0,0,0,0,0,0,1,2,19,0,4,0,0,0,7,2,0,0,3,0,5,0,409,0,0,0,0,0,0,1,0,0,6,0,0,0,0,0,0,2,0,0,0,0,8,0,0,49,0,0,0,0,13,6,0,0,0,0,0,0,0,0,0,0,0,0,0,0,0,2,0,0,0,0,0,0,0,0,0,0,474,0,0,0,0,37,7,0,44,18,0,0,0,7,0,0,0,0,0,7,0,5,0,0,0,0,1246,0,0,0,0,0,0,0,0,4,0,0,0,0,0,0,0,0,0,2,0,0,0,0,169,0,0,1,0,0,0,17,0,0
0,0,0,1005,0,0,533,19,0,0,18,0,0,0,1,82,1,0,0,1,0,5,1,2,0,13,0,640,28,4,12,0,0,0,0,0,0,0,0,4,5,99,0,13,0,0,1,2,14,0,0,16,1,39,0,699,0,1,0,0,0,0,7,0,0,46,0,0,0,2,4,2,13,0,0,1,11,118,1,0,87,8,0,0,0,50,624,0,0,0,0,0,0,0,0,1,0,5,0,0,2,0,10,0,0,1,0,0,0,2,0,10,2,146,1,0,0,0,33,22,0,102,873,213,6,0,10,0,2,8,0,0,385,1,15,0,536,0,0,224,0,0,0,0,0,0,1,0,30,0,0,0,7,1,0,0,1,0,8,0,0,6,0,2282,0,0,7,0,0,0,70,7,0
0,0,0,0,0,0,200,6,0,0,11,0,0,0,7,0,3,0,0,0,0,0,0,0,0,0,0,107,18,3,0,0,0,0,0,0,0,0,0,2,48,0,0,5,0,0,0,0,0,0,0,8,0,4,0,533,0,0,0,0,0,0,1,0,0,0,0,0,0,0,0,0,5,0,0,0,0,6,0,0,0,0,0,0,0,0,0,0,0,0,0,0,0,58,0,0,0,0,0,0,0,0,0,0,0,0,0,0,0,0,0,0,0,0,162,0,0,0,37,17,0,0,0,0,0,0,0,0,0,0,0,0,0,0,10,0,0,0,0,0,0,0,0,0,0,0,0,0,32,4,0,0,0,0,0,0,0,0,0,0,0,0,0,0,0,0,0,0,0,0,14726,1866,0
0,0,0,0,0,0,0,0,0,0,0,0,0,0,0,0,0,0,0,0,0,0,0,0,0,0,0,0,0,0,0,0,4098,15407,0,0,0,0,0,0,0,0,0,0,0,0,0,0,0,0,0,0,0,0,0,0,0,0,0,0,0,0,0,0,0,0,0,0,0,0,0,0,0,0,0,0,0,0,0,0,0,0,0,0,0,0,0,0,0,0,0,0,0,0,0,0,0,0,0,0,0,0,0,0,0,0,0,0,0,0,0,0,0,0,0,0,0,0,0,0,0,0,0,0,0,0,0,0,0,0,0,0,0,0,0,0,0,0,0,0,0,0,0,0,0,0,0,2,0,0,0,0,0,0,0,0,0,0,0,0,0,0,0,0,0,0,0,0,0,0,0,0,0
0,2,111,0,0,111,9194,1070,0,0,849,0,0,0,336,0,323,0,927,177,99,325,124,0,0,97,82,0,2747,877,650,0,28,127,0,86,0,0,0,265,476,5958,0,644,106,0,642,78,573,42,0,1058,0,1730,0,10306,0,18,0,0,0,0,388,74,89,92,22,261,181,578,0,0,142,0,0,76,229,2291,76,0,629,4935,0,0,0,842,0,0,0,0,0,41,0,0,0,90,7,0,0,0,0,0,4340,18,0,363,0,15,0,0,0,6,0,0,38,0,0,0,1598,1137,0,797,0,0,318,31,52,0,478,951,0,0,1,485,10251,0,0,0,0,666,0,0,12,71,0,0,561,113,763,6,0,1,0,5,0,0,263,0,2512,0,0,3508,0,52485,12,29,316,0,0,0,1959,46,0
0,0,0,0,0,0,831,2816,0,0,191,0,0,0,136,0,39,0,17,0,18,366,0,0,0,0,48,1624,0,328,0,0,11,47,0,25,0,0,0,46,143,13234,0,287,38,0,344,104,1,7,0,396,0,2895,0,1647,0,3,0,0,0,0,0,17,0,0,1,360,59,503,0,0,0,0,0,3,8,10589,0,0,9,9,0,0,0,0,0,0,0,0,0,0,0,0,0,128,1,0,0,0,0,0,0,0,0,20,0,30,0,0,0,12,0,0,57,0,0,0,501,306,0,58,0,0,37,0,0,0,118,933,0,0,0,8,270,0,0,0,0,0,0,0,0,221,0,0,166,0,383,0,0,0,0,3,0,0,0,0,1863,0,0,16,0,1011,0,0,0,0,0,0,436,1,0
0,0,0,0,0,0,0,0,0,0,0,0,0,0,0,0,0,0,0,0,0,0,0,0,0,0,0,0,0,0,0,0,0,0,0,0,0,0,0,0,0,0,0,0,0,0,0,0,0,0,0,0,0,0,0,0,0,0,0,0,0,0,0,0,0,0,0,0,0,0,0,0,0,0,0,0,0,0,0,0,0,0,0,0,0,0,0,0,0,0,0,0,0,0,0,0,0,0,0,0,0,0,0,0,0,0,0,0,0,0,0,0,0,0,0,0,0,0,0,0,0,0,0,0,0,0,0,0,0,0,0,0,0,0,0,0,0,0,0,0,0,0,0,0,0,0,0,0,0,0,0,0,0,0,0,0,0,0,0,0,0,0,0,0,0,0,0,0,0,0,0,0,0
0,0,0,0,1761,4,112655,5286,0,0,4456,0,0,0,361,0,48,0,16,562,169,5703,11,69,0,1312,0,147298,5253,5038,0,0,0,0,244,341,0,4,20,418,1614,29013,0,2719,249,0,985,157,8341,63,0,5952,104,16237,3,36121,12,32,22,0,0,0,387,172,340,211538,73,110,155,2928,0,0,1390,0,0,163,47,35272,0,0,131665,1122,0,51,0,328527,0,66,29,0,0,11,0,68,0,361,28,37981,0,0,370,0,3640,0,0,128,0,0,1011,0,0,780,0,1263,888,0,0,4,16522,3598,0,17439,0,0,4692,439,3404,0,292,2169,13,0,0,1563,21525,0,0,9,0,101657,0,0,34,358,0,1446,407,356,8813,0,0,44,17842,10,0,34,197,0,575,0,0,2646,0,506882,0,1818,973,0,3,0,8755,1649,0
0,58,0,0,0,0,319,122,0,0,1994,4353,51695,0,5,0,0,0,0,0,1,178,0,0,0,0,0,2973,1523,6,0,0,1,0,136,0,0,3,1,0,52,2354,0,206,0,0,0,103,629,1,0,121,0,32009,559,3793,0,10677,3385,0,0,0,39,0,0,0,0,0,0,15,0,0,45,0,0,1,0,10182,0,0,7,0,0,0,0,0,0,0,0,18999,0,0,0,1,0,2,0,0,0,0,0,0,19,0,1495,0,0,0,0,4,0,0,0,0,16,316,1117,0,629,159,0,0,0,0,0,0,0,0,0,75,0,0,0,1,69,0,0,0,296,0,0,14,0,0,0,0,0,0,532,0,0,3557,1,0,0,0,0,333,1,0,0,0,0,13825,0,0,0,0,0,0,697,1,0
0,214,0,6,1,0,238,253,0,10,6550,16,0,0,14,1,0,0,0,0,3,69,0,0,0,4,2781,2774,2641,14,1,0,0,0,5119,1,0,0,1,23,50,7161,0,308,6,0,21,55,93,1,0,559,0,17664,2540,2963,0,24,0,0,0,1077,88,0,0,0,0,1,0,118,0,0,62,0,0,3,6,2876,0,0,4,17,3,0,0,4,2,0,0,0,0,0,0,0,0,29,0,0,3,0,2,0,34,0,0,1,0,0,0,0,0,0,0,0,66,0,2894,0,407,266,0,4,0,0,1,0,0,0,17,123,0,0,0,66,181,0,0,1504,0,1,0,0,0,1,0,0,18,18,325,0,14474,107,0,0,0,0,0,283,22,0,70,0,0,18831,0,0,0,0,0,0,1193,765,0
0,66494,0,0,0,0,610,121,0,4780,4942,0,0,0,3,0,0,0,0,0,0,654,0,0,0,757,4483,1834,1437,19,0,0,0,0,6378,2,0,14,0,70,35,971,0,217,0,0,6,11,0,1,0,545,0,3927,0,2098,0,2,0,0,0,0,6,0,0,0,0,0,0,11,0,0,2,0,0,0,0,426,0,0,0,0,1407,0,0,0,0,0,0,0,0,0,0,0,0,14,0,0,0,0,0,0,27,0,0,0,0,0,0,180,0,0,84,0,3851,0,0,0,239,113,0,0,0,0,0,0,0,0,5,8692,0,0,0,0,83,0,0,0,0,0,0,0,0,0,0,0,5,0,519,53,43,8,0,0,0,0,0,0,21,0,28501,0,0,4370,0,0,0,0,0,0,22812,0,0
0,7707,0,0,0,0,778,169,0,3496,3383,191,0,0,7,0,0,0,0,0,1,28,0,0,0,325,3302,1559,853,8,0,0,14,14173,0,0,0,0,0,51,37,1655,0,316,0,0,0,21,0,1,0,362,0,11000,242,2616,0,1,0,0,0,0,143,0,0,0,0,0,0,20,0,0,228,0,0,0,0,757,0,0,0,2,1030,0,0,0,0,0,0,0,0,0,0,0,0,10,0,0,392,0,0,0,9,0,0,0,0,0,0,132,0,0,199,0,579,0,0,0,271,595,0,0,0,0,0,0,42,0,21,181,0,0,0,0,175,0,0,0,0,0,0,0,0,0,0,0,7,0,569,53,274,25,0,0,0,0,0,0,15,0,20870,1,0,1976,0,0,0,0,0,0,22789,2061,0
0,0,0,0,5506,2,2573,167,0,0,213,0,0,0,8,0,37,0,7,0,214,1300,0,0,0,0,0,7813,907,8845,0,0,0,0,0,0,0,0,0,14,56,2101,0,270,311,0,17,5,3,2,0,273,0,671,0,1322,0,0,0,0,0,0,7,205,0,0,54,4,230,24,0,0,0,0,0,30,70,1505,0,0,7,79,0,0,0,2,0,0,0,0,0,0,0,0,0,3,0,0,0,0,0,0,6744,0,0,0,0,0,0,0,0,0,0,0,1,0,0,0,825,594,0,361,0,0,9693,174,1,0,11,19,0,0,0,0,82,0,0,0,0,0,0,0,29,0,0,0,10,6,1009,0,0,0,0,0,0,0,0,0,29,0,0,35,0,77345,0,27684,0,0,0,0,67,0,0
0,0,0,1,0,0,8,1,0,0,8,0,0,0,0,0,0,0,0,0,0,1,0,0,0,10,2,83,33,2,0,0,0,0,1,0,0,0,0,0,0,23,0,1,0,0,0,214,5,0,0,2,0,6391,0,40,0,0,0,0,0,0,9,0,0,0,0,0,0,0,0,0,0,0,0,0,1,24,0,0,0,0,0,0,0,0,0,0,0,0,0,0,0,0,0,0,0,0,0,0,2658,0,0,0,0,0,0,0,0,0,0,10,0,0,0,0,0,0,1,4,0,0,0,0,0,0,0,0,0,1,0,0,0,0,35,0,0,0,0,0,0,0,0,0,0,0,0,0,2,0,0,0,0,0,0,0,0,0,0,0,0,0,0,3,0,0,0,0,0,0,79,0,0
0,3414,0,0,0,1,0,8,0,0,26,0,0,0,1,0,0,0,6,0,3,183,0,0,0,0,0,17,350,1,0,0,0,0,0,0,0,0,0,0,2,0,0,4,0,0,0,0,0,0,0,6,0,466,0,94,0,0,0,0,0,0,0,0,0,0,0,0,0,0,0,0,0,0,0,0,0,289,0,0,0,39,0,0,0,1,0,0,0,0,0,0,0,0,0,378,0,0,0,0,0,0,0,0,0,0,0,0,0,559,0,0,0,0,0,0,0,0,195,11,0,0,0,0,0,0,0,0,0,5063,0,0,0,0,14,0,0,0,0,0,0,0,0,0,0,0,0,0,26,0,0,0,0,0,0,0,0,0,0,0,0,34,0,2742,0,0,0,0,0,0,0,0,0
0,0,0,0,9,3,216,87,0,0,66,0,0,0,8,0,18,0,11,6,24,172,0,0,0,1,0,1183,333,449,1,0,1,3,1,184,0,0,0,2,46,657,0,63,56,0,441,1,510,1,0,49,0,119,0,188,0,0,0,0,0,0,5,322,0,0,109,2,128,21,0,0,1,0,0,4,1,282,15,0,22,165,0,0,0,12,0,0,0,0,0,0,0,0,0,4,0,0,1,0,0,0,611,0,0,1,0,0,0,0,0,0,0,0,3,0,0,223,219,86,0,6,0,0,2040,36,4,0,14,3,0,0,0,7,105,0,0,0,0,1,0,0,114,0,0,0,3,1,122,0,0,0,0,0,0,0,1,0,74,0,0,58,0,11748,0,104,0,0,0,0,24,0,0
0,0,0,0,0,23,0,5,0,0,16,0,0,0,51,0,0,0,57,0,0,0,0,0,0,0,0,2,4,0,0,0,1,5,0,0,0,0,0,0,7,18,0,2,0,0,0,0,1,1,0,11,0,0,0,6,0,0,0,0,0,0,0,0,0,0,0,0,0,4,0,0,0,0,0,0,0,0,0,0,0,296,0,0,0,5,0,0,0,0,0,0,0,0,0,1,0,0,0,0,0,0,0,0,0,1,0,0,0,0,0,0,0,0,0,0,0,0,26,8,0,0,0,0,0,0,0,0,1,0,0,0,0,32,374,0,0,0,0,0,0,0,0,0,0,0,4,1,16,0,0,0,0,0,0,0,0,0,364,0,0,372,0,97,0,0,0,0,0,0,62,0,0
0,0,0,0,0,49,0,1389,0,0,262,0,0,0,58,0,0,0,1108,0,0,0,0,0,0,0,0,0,130,3,0,0,0,0,0,0,0,0,0,0,0,6013,0,41,0,0,1,0,0,1,0,58,0,1,0,0,0,0,0,0,0,0,0,0,0,0,0,0,0,327,0,0,0,0,0,2,0,0,0,0,0,1573,0,0,0,14,0,0,0,0,0,0,0,0,0,25,0,0,0,1,0,0,1,1,0,2,0,0,0,0,0,0,0,0,0,0,0,0,83,223,0,0,0,0,0,0,0,0,0,0,0,0,0,1309,26844,0,0,0,0,0,0,0,0,0,0,0,5817,46,156,0,0,0,0,0,0,0,0,0,13,0,0,809,0,3,0,0,0,0,0,0,27,0,0
0,0,0,0,0,215,11,3753,1,0,590,0,0,0,310,0,0,0,3293,0,0,18,0,0,0,2,1,4,2742,75,0,0,0,0,1,0,0,0,0,6,2306,0,0,82,0,0,11,1,29,70,0,582,0,0,0,0,0,0,0,0,0,0,0,0,0,0,0,118,0,64,0,0,0,0,0,2,0,0,0,0,0,7431,0,0,0,112,0,0,0,0,0,0,0,0,0,230,0,0,3,6,0,0,21,1,0,9,0,11,0,0,0,0,0,0,15,0,0,0,1201,384,0,1,0,0,1,0,0,0,446,8,0,0,0,433,23614,0,0,0,0,0,0,0,0,0,0,0,206,69,147,0,0,0,0,0,0,0,0,8,7549,0,0,11868,0,430,0,0,0,0,0,0,16,2,0
0,0,0,0,0,0,172,12,0,0,650,0,0,0,2,0,0,0,0,0,0,0,0,0,0,0,0,1044,93,0,0,0,0,0,0,0,0,0,0,3,2,46,0,62,0,58,0,369,8,0,2556,124,0,3372,0,784,0,0,0,0,0,0,22,0,0,0,0,0,0,5,0,0,2,0,0,6,1,95,0,0,0,0,681,0,0,0,3,0,0,0,0,0,0,0,0,0,0,0,0,0,0,0,0,0,0,5,0,0,0,0,0,0,0,3,0,0,0,0,236,267,0,0,0,0,0,0,0,0,0,0,0,0,1,0,1,0,16,2,0,0,0,0,0,0,0,0,0,0,804,1,0,0,0,0,0,0,0,0,33,4,198,0,0,919,0,0,0,0,0,3010,699,0,0
0,0,0,0,0,1,265,679,0,0,118,0,0,0,123,0,1,0,77,0,1,47,0,0,0,49,1,882,882,61,0,0,1,4,0,2,0,0,0,15,100,4334,0,0,0,0,26,15,0,15,0,320,0,88,0,1399,0,0,0,0,0,0,0,0,0,0,0,95,0,97,0,0,0,0,0,355,0,99,0,0,51,140,0,0,0,0,0,0,0,0,0,0,0,0,0,497,0,0,0,0,0,0,0,11,0,17,0,10,0,0,0,0,0,0,11,0,0,0,196,2054,0,0,0,0,11,0,0,0,82,18,0,0,0,38,753,0,0,0,0,0,0,0,0,9,0,0,58,18,25,0,0,0,0,7,0,0,0,0,3554,0,0,22,0,166,0,0,0,0,0,0,426,0,0
0,0,0,0,0,1,49,711,0,0,209,0,0,0,12,0,58,0,5,0,7,66,0,0,0,0,0,1213,2282,142,0,0,11,51,0,32,0,0,0,3,35,2262,0,47,0,0,97,0,10376,0,0,94,0,221,0,173,0,0,0,0,0,0,16,20,0,0,8,0,665,1,0,0,0,0,0,13,0,3875,0,0,4,54,0,0,0,2,0,0,0,0,0,7,0,0,0,11,0,0,0,0,0,0,449,0,0,0,0,0,0,0,0,0,0,0,0,0,0,0,1191,262,0,0,0,0,1387,3,0,0,4,8,0,0,0,35,22,0,0,0,0,0,0,0,3,0,0,0,1,42,170,0,0,0,0,0,0,0,0,0,16,0,0,26,0,165521,0,0,0,0,0,0,1,0,0
0,0,0,4,0,6,176,316,0,0,3125,0,0,0,67,0,0,0,45,0,0,44,0,0,0,0,0,7074,2087,28,0,0,0,0,1,2,0,0,0,7,227,4802,0,110,0,0,13,248,6,4,0,390,0,100977,0,3237,0,1,0,0,0,0,41,0,0,0,0,11,0,98,0,0,17,0,29,13,1771,2228,0,1563,0,151,0,0,0,2,2,0,117,0,0,0,0,0,0,31,1,0,2747,0,0,0,3,0,0,15,0,0,0,0,0,0,0,0,97,0,0,0,264,199,0,0,0,0,1,0,7,0,100,30,0,0,1,129,259,0,0,0,0,0,0,0,0,6,0,0,34,2,593,0,0,0,0,18,0,0,0,2648,576,0,0,158,0,4133,0,3,0,0,0,0,109,0,0
0,0,0,0,197,0,414,42,0,0,265,0,0,0,2,0,10,0,0,0,124,403,0,0,0,0,0,2055,223,4940,0,0,0,0,0,2047,0,0,53,1,11,530,0,39,79,0,0,1,0,1,0,41,0,94,0,315,0,0,0,0,0,0,2,43,0,0,47,0,5,5,0,0,1,0,0,4,2,2289,0,0,0,0,0,0,0,0,0,0,0,0,0,0,0,0,0,0,0,0,0,0,0,0,864,0,0,0,0,0,0,0,0,0,0,0,0,0,0,1,128,80,0,13,0,0,833,339,17,0,3,7,0,0,0,0,27,0,0,0,0,0,0,0,13,0,0,0,3,0,194,0,0,0,0,0,0,0,0,0,0,0,0,0,0,51280,0,3778,0,0,0,0,2,0,0
0,0,0,43310,0,20,6226,4110,0,0,816,0,0,0,69,2727,8,0,56,0,3,830,0,0,0,0,19,10156,1673,42,0,0,5,21,0,20,0,0,0,1377,369,6052,0,394,0,0,26,0,242,13,0,636,0,3823,0,5841,0,5,0,0,0,0,2667,7,0,0,0,55,0,575,0,0,45,0,0,4,2180,16291,0,8701,295,328,0,0,0,7,144242,0,0,0,0,0,0,0,0,7,4,0,465,0,0,2,65,611,0,144,0,0,0,0,0,0,0,0,46,0,0,0,2276,431,0,122,49121,0,17,1,12,0,101,77,0,2044,21467,47,479,0,7687,0,0,0,0,0,0,14,0,0,72,37,2545,0,0,0,1,0,0,0,0,315,336,0,0,367,0,41528,0,0,0,0,0,0,1675,92,0
0,481,0,17,33258,159,8213,10934,15,1,38767,1,0,0,4030,1,65,3,1060,2,1808,18527,9,0,0,69,31,15332,44275,20385,489,2,14,54,109,1241,0,38,124,403,3964,73030,0,5266,1141,2,4116,151,0,112,4,3795,0,65709,1,30856,0,4,7,1,0,5834,372,408,17,36,83,504,615,2438,0,0,1250,0,0,336,2063,48486,6,0,830,11318,1,12,0,37,9,0,0,2,0,3,1,0,0,4871,29,5,1346,29,3,0,11607,24,0,260,0,54,0,45,0,12,2,8,251,0,22,4,18863,11746,0,726,59,0,1403,635,125,0,2032,17626,8,0,0,19154,33804,0,0,1,1,0,0,1,71,106,0,49,1760,746,8862,0,1,2,6,3,0,0,7,219,20825,0,11,2720,22,79967,1,5783,4,0,0,0,4150,16,0
0,0,0,0,0,0,34,0,0,0,13,0,0,0,2,0,0,0,150,0,0,0,0,0,0,0,0,0,0,1,0,0,0,0,0,0,0,0,0,0,7,0,0,43,0,0,0,0,20,0,0,15458,0,0,0,0,0,0,0,0,0,0,0,0,0,0,0,0,0,1,0,0,0,0,0,0,0,0,0,0,0,23,0,0,0,0,0,0,0,0,0,0,0,0,0,4,0,0,0,0,0,0,0,0,0,0,0,0,0,0,0,0,0,0,0,0,0,0,31,626,0,0,0,0,0,0,0,0,0,0,0,0,0,1,1184,0,0,0,0,0,0,0,0,0,0,0,1,1,2,0,0,0,0,0,0,0,0,0,0,0,0,210,0,0,0,0,0,0,0,0,0,0,0
0,0,0,0,8,0,5762,675,0,0,710,0,0,0,29,0,0,0,18,0,1,6,0,0,0,0,0,12088,2684,4,0,0,0,0,0,0,0,0,0,45,93,10921,418,1229,0,0,0,1121,1952,3,0,1656,0,3317,0,7140,0,11,0,0,0,0,874,0,0,0,0,0,0,73,0,0,54,0,0,42,29305,12793,0,0,0,0,15027,0,0,0,726,0,0,0,0,2,0,0,0,0,0,0,0,0,0,0,0,0,0,214,0,0,0,0,0,0,0,0,110,0,0,21,4139,4915,0,528,0,0,0,0,0,0,21,14,0,0,243,0,171,0,32132,12773,0,0,0,0,0,0,0,0,20,0,8145,21,0,0,0,0,0,0,0,0,135,0,146,0,0,97412,0,12,0,0,0,2384,45386,0,0
0,0,0,0,0,409,0,65,0,0,343,0,0,0,94,0,0,0,6182,0,0,0,0,0,0,0,2,0,8,7,0,0,0,0,0,0,0,0,0,0,236,155,0,8,0,0,4,0,0,1348,0,0,0,0,0,0,0,0,0,0,0,0,0,0,0,0,0,0,0,0,0,0,0,0,0,2,0,0,0,0,0,14072,0,0,0,219,0,0,0,0,0,0,0,0,0,3,0,0,0,0,0,0,0,1,0,3,0,2,0,0,0,0,0,0,0,0,0,0,1000,98,0,0,0,0,0,0,0,0,0,0,0,0,0,0,34,0,0,0,0,0,0,0,0,0,0,0,142,53,139,0,0,0,0,0,0,0,0,0,32,0,0,22720,0,0,0,0,0,0,0,0,18,0,0
0,0,0,0,0,0,10324,5,0,0,4,0,0,0,0,0,0,0,0,0,0,0,0,0,0,0,0,4252,17,3,0,0,0,0,0,0,0,0,0,1,2,0,0,0,0,0,0,0,0,0,0,5,0,15,0,1011,0,0,0,0,0,0,0,0,0,0,0,0,0,0,0,0,1,0,0,0,0,6,0,0,0,0,0,0,0,0,0,0,0,0,0,0,0,0,0,0,0,0,0,0,0,0,0,0,0,0,0,0,0,0,0,0,0,0,0,0,0,0,13,4,0,11484,0,0,0,0,0,0,0,0,0,0,0,0,0,0,0,0,0,0,0,0,0,0,0,0,0,0,10,0,0,0,0,0,0,109,0,0,0,0,0,0,0,4593,0,0,0,37,1,0,12,0,0
0,0,0,4057,609,122,9915,6787,2,23,46739,120,0,0,1752,329,30,25,1026,0,119,2099,0,0,0,2,4110,19283,47040,1592,0,0,1502,6249,2020,215,0,25,23,223,2289,42540,0,2008,200,61,597,514,86,91,2,2103,0,0,0,26118,0,19,58,0,0,1477,537,51,0,107,12,584,128,1034,0,0,869,0,28,93,3309,19480,0,22,1766,6040,0,0,0,266,1294,0,28,0,0,4,0,0,0,12587,31,0,2498,5,705,0,3604,20,0,151,0,155,5,0,0,79,0,0,125,0,0,0,8175,3365,0,779,2,0,173,140,61,0,5826,15819,0,0,4,3507,8796,0,0,0,0,0,0,0,18,941,0,0,1574,115,2322,0,270,0,0,0,0,0,0,2462,43881,0,0,4912,0,24931,0,132,50,87,0,0,2063,16,0
0,315,0,15,1,2,25,16,0,7,118,1,0,0,6,1,0,0,0,0,0,46,0,0,0,1,99,454,138,9,0,0,85,0,1425,0,0,11,0,2,4,317,0,6,0,0,3,2,65,0,0,14,0,5727,0,157,0,0,0,0,0,10542,3,0,0,0,0,0,0,1,0,0,1,0,0,0,4,136,0,0,4,17,2,0,0,2,6,0,0,0,0,0,0,0,0,1,0,0,4,0,2,0,8,0,290,0,0,0,0,0,0,0,0,0,7,0,0,0,37,2,0,2,0,0,1,0,0,0,2,346,0,0,2,1,10,0,0,43,0,0,0,0,0,0,46,0,1,0,29,0,163,199,0,0,0,0,0,1,10,0,45,3,0,38,0,0,0,0,0,0,198,0,0
0,4,0,3,0,46,124749,3603,0,0,6888,0,0,0,3176,0,438,0,733,92,82,1108,494,0,0,1992,1,89722,11871,8597,836,0,13,55,0,131,0,7,2,7634,2204,30947,0,3896,51,50,605,476,48,149,0,3624,17,17312,0,0,0,112,0,0,0,0,980,45,135,474,8,151,0,2594,0,0,13058,0,0,297,1230,7728,374,0,1678,1901,0,0,0,304,1,0,0,0,0,173,0,0,0,2059,97,0,268,1,0,0,201,4,0,2999,0,25,3,0,0,88,101,548,376,0,0,0,10831,6305,0,23896,3904,0,386,78,128,0,6603,2752,0,0,6,2304,5198,0,0,0,0,0,0,0,7,95,0,0,2446,170,5756,0,0,0,299,48,0,0,393,0,12625,0,0,2139,0,72943,88,64,250,13,0,0,87658,270,0
0,0,0,0,0,29782,115,908,13219,0,2317,0,0,0,190,0,0,0,4831,0,0,16,0,0,0,0,1,300,190,7,0,0,0,0,0,0,0,0,0,3550,419,5684,0,60,0,0,3,0,5,452,0,127,0,724,0,511,0,0,0,0,0,0,5204,0,0,0,0,1,0,25,0,0,14,0,0,6,650,1535,0,0,1,13080,0,445,0,267,0,0,0,0,0,0,0,0,0,3,123,0,0,236,0,0,1,0,0,14,0,1,0,0,0,0,0,0,1,0,0,0,445,284,0,0,0,0,12,0,0,0,70,165,0,0,0,272,167403,0,0,0,0,0,0,0,0,7,0,0,50,24,539,0,0,0,0,119,0,0,0,0,2255,0,0,34194,0,5463,0,1,1,0,0,0,20,0,0
0,0,0,0,0,0,1706,848,0,0,1910,1683,0,0,7,0,16,0,1,0,3,22,0,0,0,0,0,5981,907,4,0,0,0,0,0,0,0,10,0,28,110,9908,0,596,0,0,13,64,0,3,0,935,0,1286,262,24734,0,0,471,0,0,0,99,0,0,0,0,0,0,42,0,0,79,0,0,27,0,10443,0,0,501,5,0,0,0,0,0,0,0,264,0,7,0,55,0,0,0,0,0,0,0,0,0,0,0,28,0,0,0,0,0,0,0,0,48,0,20930,0,3309,652,0,0,0,0,0,0,4,0,11,47,0,0,0,107,136,0,0,0,0,0,0,52,0,7,0,0,9,23,1029,0,0,5079,0,0,0,0,0,0,56,0,0,4,0,43450,0,5,0,0,0,0,2818,43,0
0,218,0,12,0,11,341,185,0,0,9340,0,0,0,10,1,0,0,36,0,2,102,0,0,0,1,1,1535,574,30,2,1362,260,0,4,1,0,122,0,2,51,1790,0,60,0,0,7,50,17,1,0,78,0,7519,383,783,0,33,0,1268,683,0,42,0,0,0,0,3,0,12,0,0,11,0,1,11,1,1116,0,1,9,373,0,0,0,10,5,0,1,3527,0,0,0,0,0,9,0,0,370,0,0,0,24,0,0,1,0,0,0,2,0,0,0,0,25,0,0,0,756,156,0,1,0,0,2,0,0,0,30,1369,0,0,3,80,261,0,0,0,646,1,0,7178,0,0,0,0,4,1,284,0,0,634,0,0,0,0,0,1,128,0,0,202,0,7522,0,0,0,0,0,0,54,1,0
0,0,0,0,0,0,64,290,0,0,274,0,0,0,7,0,0,0,0,0,0,0,0,0,0,0,0,216,324,2,0,3,0,0,0,0,0,2,0,0,9,2010,0,254,0,0,16,12,2445,0,0,542,0,591,0,4381,0,11,637,0,283,0,14,0,0,0,0,0,0,1,0,0,16,0,0,6,0,526,0,0,0,0,0,0,0,0,0,0,0,108,0,0,0,0,0,0,0,0,0,0,0,0,0,0,136,0,0,0,0,0,0,0,0,0,38,0,0,0,317,474,0,0,0,0,0,0,0,0,0,42,0,0,0,0,0,0,0,0,323,0,0,752,0,0,0,0,0,0,2201,0,0,259,0,0,0,0,0,0,0,0,0,0,0,9763,0,0,0,0,0,0,0,0,0
0,19,0,0,0,0,2,25,0,0,60,0,0,0,2,0,0,0,0,0,0,367,0,0,0,0,0,31,124,4,0,0,0,0,0,0,0,1330,0,0,11,5,0,26,0,0,0,27,0,0,0,4,0,670,0,679,0,0,1382,122,0,0,0,0,0,0,0,0,0,3,0,0,0,0,0,0,0,194,0,0,0,0,0,0,0,1,0,0,0,0,0,0,0,0,0,4,0,0,0,0,0,0,3,0,0,0,0,0,0,3,0,0,0,0,0,0,0,0,64,38,0,0,0,0,0,0,0,0,0,7664,0,0,0,0,59,0,0,0,0,0,0,1,0,0,0,0,0,0,42,0,0,20,0,0,0,0,0,0,0,0,0,0,0,17,0,0,0,0,0,0,16,0,0
0,0,0,0,0,0,0,0,0,0,0,0,0,0,0,0,0,0,0,0,0,0,0,0,0,0,0,0,0,0,0,0,0,0,0,0,0,0,0,0,0,0,0,0,0,0,0,0,0,0,0,0,0,0,0,0,0,0,0,0,0,0,0,0,0,0,0,0,0,0,0,0,0,0,0,0,0,0,0,0,0,0,0,0,0,0,0,0,0,0,0,0,0,0,0,0,0,0,0,0,0,0,0,0,0,0,0,0,0,0,0,0,0,0,0,0,0,0,0,0,0,0,0,0,0,0,0,0,0,0,0,0,0,0,0,0,0,0,0,0,0,0,0,0,0,0,0,0,0,0,0,0,0,0,0,0,0,0,0,0,0,0,0,0,0,0,0,0,0,0,0,0,0
0,0,4335,31,0,543,4948,2620,2,0,3647,0,0,0,4938,2,19,0,1281,0,2,349,0,0,0,3,2,9555,3388,181,0,0,40,167,2,11,0,0,0,4849,839,46973,0,982,5,0,33,205,311,32,6,1020,0,918,0,4994,0,0,0,0,0,0,0,0,0,0,0,123,0,185,0,0,18,0,20,16,132,1737,0,30,17,8486,0,0,0,172,11,0,28,0,0,0,0,0,0,611,1,0,4,26,0,0,31,81,0,55,0,43,0,0,0,0,0,0,18,0,0,0,5837,1962,0,2,8,0,58,1,2,0,678,35,0,0,51,1400,14874,0,0,1,0,0,0,0,0,123,0,0,571,112,4847,0,0,0,0,0,0,0,0,12,31078,0,0,7693,0,4727,0,0,0,0,0,0,3038,2,0
0,0,0,0,0,0,61,73,0,0,51,0,0,0,0,0,6,0,0,4305,6,50,0,0,0,0,0,1694,189,103,0,0,0,0,0,25,0,0,0,0,11,369,0,24,23,0,104,1,571,2,0,39,0,106,0,94,0,0,0,0,0,0,0,0,0,0,173,0,0,2,0,0,0,0,0,9,0,134,6,0,0,0,0,0,0,0,0,0,0,0,0,0,0,0,0,0,0,0,0,0,0,0,20230,0,0,0,0,0,0,0,0,0,0,0,0,0,0,0,128,64,0,0,0,0,232,0,0,0,0,4,0,0,0,0,0,0,0,0,0,0,0,0,118,0,0,0,0,0,74,0,0,0,0,0,0,0,0,0,1,0,0,0,0,106613,0,0,0,0,0,0,19,0,0
0,0,0,0,0,0,16,4,0,0,0,0,0,0,1,0,212,0,0,0,0,296,893,0,0,0,0,8042,23,7,0,0,0,0,0,0,0,0,0,0,0,0,0,7,1,0,0,0,0,1,0,8,0,104,0,1805,0,0,0,0,0,0,0,0,0,0,0,0,0,4,0,0,0,0,0,1,0,4,0,0,0,0,0,0,0,0,0,0,0,0,0,229,0,0,0,0,0,0,0,0,0,0,0,0,0,0,0,0,0,0,0,0,0,0,0,0,0,0,4,2,0,0,0,0,6,0,0,0,2,0,0,0,0,0,0,0,0,0,0,0,0,0,0,0,0,2054,0,0,0,0,0,0,0,0,0,0,1002,0,0,0,0,0,0,15456,11,3,0,0,0,0,10,0,0
0,0,0,0,0,1,12121,91,0,0,1,0,0,0,2,0,6,0,1,17,0,26,0,0,0,0,0,33288,31,33,25564,0,0,0,0,3,0,0,0,0,13,75,0,74,0,0,29,1,1,1,0,13,0,50,0,16714,0,0,0,0,0,0,0,0,0,0,0,1,0,2,0,0,82,0,0,0,0,3,0,0,1162,133,0,0,0,250,0,0,0,0,0,0,0,0,0,2,0,1515,0,0,0,0,1,0,0,0,0,0,0,0,0,5,0,0,1,0,0,0,2,108,0,236,0,0,55,0,7,0,3,25,0,0,0,3,65,0,0,0,0,4805,0,0,0,0,0,0,2,0,51,0,0,0,0,0,0,0,0,0,59,0,0,11,0,17371,0,23,18,0,0,0,534,0,0
0,0,0,0,0,0,56,20,0,0,55,0,0,0,0,0,7,0,0,1575,10,23,0,0,0,0,0,687,104,111,0,0,0,0,0,18,0,0,0,1,9,253,0,24,22,0,114,0,8258,0,0,38,0,21,0,61,0,0,0,0,0,0,0,1302,0,0,0,0,0,0,0,0,0,0,0,6,0,148,3,0,1,5,0,0,0,0,0,0,0,0,0,0,0,0,0,0,0,0,0,0,0,0,5014,0,0,0,0,0,0,0,0,0,0,0,0,0,0,0,75,23,0,0,0,0,217,0,0,0,0,0,0,0,0,0,2,0,0,0,0,0,0,0,174,0,0,0,0,0,49,0,0,0,0,0,0,0,0,0,1,0,0,1,0,64704,0,0,0,0,0,0,0,0,0
0,0,0,0,0,1,0,4799,0,0,227,0,0,0,16,0,0,63,10,0,0,13,0,0,0,0,0,273,2060,24,0,0,0,0,0,0,0,0,0,5,305,17703,0,46,0,0,3,2,1,1,0,57,0,0,0,169,0,0,0,0,0,0,0,0,0,0,0,0,0,1,0,0,0,0,0,6,0,0,0,0,0,24,0,0,0,0,0,0,0,0,0,0,0,0,0,62,0,0,0,0,0,0,0,193,0,10,0,2238,0,0,0,0,0,0,0,0,0,0,40,332,0,0,0,0,2,0,0,0,41,2,0,0,0,4,104,0,0,0,0,0,0,0,0,6393,0,0,175,2,597,0,0,0,0,0,0,0,0,0,26,0,0,46,0,12,0,0,0,0,0,0,40,0,0
0,0,0,0,0,0,26,15,0,0,65,0,0,0,1,0,6042,0,0,12,1,12,6,0,0,0,0,13293,422,20,0,0,0,0,0,12,0,0,0,1,6,351,0,25,33228,0,27,0,106,0,0,3,0,6110,0,45,0,0,0,0,0,0,2,3,0,0,3,0,0,0,0,0,0,0,0,10,0,78,0,0,0,0,0,0,0,0,0,0,0,0,0,0,0,0,0,0,0,0,0,0,0,0,410,0,0,0,0,0,0,0,0,0,0,0,0,0,0,0,238,13,0,0,0,0,103,1,0,0,0,0,0,0,0,0,0,0,0,0,0,0,0,0,0,0,0,0,0,0,20,0,0,0,0,0,0,0,0,0,0,0,0,0,0,91525,0,54,0,0,0,0,0,0,0
0,0,0,0,0,15,0,6462,0,0,1611,0,0,0,75,0,0,1,228,0,0,55,0,0,0,0,0,229,1933,42,0,0,0,1,0,0,0,0,0,19,534,17900,0,975,0,0,12,4,350,14,0,864,0,1,0,1330,0,0,0,0,0,0,0,0,0,0,0,98,0,0,0,0,0,0,0,19,0,31,0,19,0,391,0,0,0,6,0,0,1,0,0,0,0,0,0,185,0,0,0,18,0,0,28,14,0,21,0,12,0,0,0,0,0,0,0,0,1,0,2992,1305,0,0,0,0,1,0,0,0,96,12,0,0,0,11,2876,0,0,0,0,0,0,0,0,79,0,0,4116,27,326,0,0,0,0,0,0,0,0,0,473,0,0,891,0,13,0,0,0,0,0,0,9,0,0
0,0,1,7,14,0,32433,503,0,0,554,0,0,0,34,0,15,0,1,1,4,480,1,937,0,15,2,5682,1464,124,10422,0,0,0,0,26,0,0,3,84,125,7801,0,409,3,507,46,881,336,4,0,379,1,1271,0,3588,0,0,0,0,0,0,113,22,1,27595,0,14,1,107,0,23,36,0,37,50,14,929,1,23,14064,161,0,0,9,14582,11704,0,330,0,0,0,0,0,0,4,0,11,1,0,0,0,304,0,0,30,0,1,1,0,0,1,0,259841,42,0,0,0,23637,634,0,1696,47402,40,55,10,705,799,55,84,0,1,97,2,123,0,165364,0,0,53202,0,0,0,12,0,7,23,32,818,1,0,0,39,1,0,0,1,1,452,0,0,5,1,29687,0,13,3302,0,0,0,1167,7,0
8925,2,1,447316,10,12,127574,5517,0,0,5332,0,0,0,116,35013,225,0,74,141,26,415,164,392,0,3843,6,188537,7465,377,2293,0,0,0,3,40,0,0,9,1098,1103,27375,0,3973,27,1,104,439,4160,48,0,3958,283,11847,0,234371,0,194,0,0,0,1,2457,1,1,3435,0,27,1,321,925,0,4105,62,0,107,3869,38503,267,0,8251,759,0,0,5,4297,261380,0,178,54,0,40,0,162,0,91,21,10,2,0,445,0,614,0,0,137,0,1,19,763,0,3112,554,29388,265,0,0,2,9952,6346,0,26121,426901,158452,1534,42,1992,11,322,2365,0,1,152071,103,3703,0,214947,134,0,49334,0,31,2,91,0,1,82,100,9109,0,0,0,11,216,0,78,310,1,456,0,0,2112,1,669999,0,52,806,0,0,0,19452,2008,1
0,1,0,1,0,19,32797,895,0,0,3353,0,0,0,288,0,15,0,275,0,8,61,0,0,0,200,5,5473,1613,96,0,0,1,4,0,16,0,0,0,187,949,10620,0,874,4,0,66,18,1452,60,0,843,0,1017,0,78317,0,0,0,0,0,0,39,0,0,26,0,31,0,443,0,0,0,0,0,42,0,479,0,2,209,1110,0,0,0,14,0,0,1,0,0,0,0,0,0,631,61,0,1,1,0,0,135,2,0,95,0,3,1,0,0,11,0,0,19,0,0,0,4936,4353,0,1810,2,0,19,11,17,0,1577,272,0,0,1,285,2907,0,0,0,0,0,0,0,0,10,0,0,695,39,1139,0,0,0,0,0,0,0,0,2,563,0,0,1014,0,13993,0,4,0,0,0,0,4232,1,0
4851,0,0,0,2,5502,17262,5425,533,0,3720,0,0,0,128,0,0,0,150,0,11,172,0,0,0,0,0,31903,3093,47,0,0,0,0,0,24,0,0,8,369,322,46550,0,4664,6,0,70,45,1385,12,0,4233,0,3908,0,21799,0,0,13,0,0,0,387,5,0,0,0,13,0,729,0,0,59,0,0,36,7377,3047,0,0,342,353,0,0,0,0,105,0,0,0,0,0,0,0,2,85,5,0,0,0,0,0,146,0,0,12,0,0,0,0,0,0,0,5,10,0,0,0,8761,6110,0,669,0,0,23,7,74,0,69,46,0,0,36,379,6321,0,6488,0,0,0,0,0,3,14,0,0,64,44,19668,0,0,0,0,335,0,0,0,0,9001,0,0,1633,0,91143,0,0,0,0,0,0,241,0,0
11,0,0,553,0,134,396,209,6,0,81,0,0,0,71,35,0,0,9,0,0,33,0,0,0,0,14,815,106,7,0,0,0,11,2,1,0,0,0,24,18,1221,0,106,0,7,3,214,37,1,253,126,0,161,0,529,0,0,0,0,0,0,17,0,0,0,0,1,0,18,0,0,2,0,0,1,317,158,0,4341,8,268,2,0,0,1,2266,0,229,0,0,0,0,0,0,2,0,0,5,0,0,0,4,2,0,2,0,0,0,0,0,0,0,0,1,0,0,0,196,186,0,13,743,0,2,0,2,0,3,2,0,24,383,58,64,0,339,17,0,2,0,0,0,1,0,0,3,2,509,0,157,0,0,4,0,0,0,2,8771,0,0,127,0,2358,0,0,0,0,0,5,25,0,0
0,1,0,0,0,0,21,55,0,0,67,0,0,0,2,0,0,0,2,0,0,66,0,0,0,0,0,57,94,14,0,0,0,0,0,0,0,0,0,4,30,430,0,9,0,0,1,0,1,4,0,64,0,7,0,126,0,0,0,0,0,0,0,0,0,0,0,1,0,9,0,0,0,0,0,0,0,6,0,0,0,54,0,0,0,0,0,0,0,0,0,0,0,0,0,76,0,0,0,0,0,0,2,0,0,0,0,0,0,0,0,0,0,0,0,0,0,0,63,3189,0,0,0,0,0,0,0,0,46,4,0,0,0,1,61,0,0,0,0,0,0,0,0,0,0,0,14,0,555,0,0,0,0,0,0,0,0,0,35,0,0,4,0,165,0,0,0,0,0,0,14,0,0
0,0,0,17,0,872,1645,1073,2,0,886,0,0,0,392,1,0,0,2860,0,16,474,0,0,0,1,3,3926,1152,400,0,0,0,0,2,47,0,0,0,127,414,6841,0,353,6,0,164,152,210,49,0,509,0,780,0,2703,0,4,0,0,0,0,36,26,0,0,7,20,0,393,0,0,10,0,29,15,0,439,0,237,5,13472,0,0,0,494,12,0,88,0,0,0,0,0,0,44,8,0,2,21,0,0,83,2,0,13,0,4,0,0,0,0,0,0,29,0,0,0,1385,1383,0,5,0,0,209,22,17,0,86,53,0,4147,4,1825,38017,0,0,0,0,0,0,0,3,16,0,0,190,49,717,0,0,0,0,0,0,0,0,2,7698,0,0,14087,0,9365,0,0,0,0,0,0,1523,1,0
0,0,615,1,0,233,16,7481,1,0,5978,0,0,0,1784,0,10,5,2826,0,12,2853,0,0,0,82,22,8139,44089,748,0,0,21,86,1,37,0,15,0,63,1935,62167,0,1505,49,0,408,278,4888,72,16,2174,0,4537,0,9282,0,2,0,0,0,3,0,23,0,0,2,602,92,1253,0,0,0,0,3,24,0,0,0,3,330,7470,0,0,0,90,0,0,4,0,0,0,0,0,0,4663,0,0,264,39,0,0,19,30,0,429,0,98,0,0,0,13,0,0,99,0,0,0,4909,2709,0,55,1,0,72,0,0,0,1112,200,0,0,1,24136,43763,0,0,2,0,0,0,0,0,131,0,0,1444,541,2402,0,0,0,0,0,0,0,0,442,5518,0,0,11890,0,112,0,0,0,0,0,0,3945,2,0
0,0,0,0,0,0,129,40,0,0,8,0,0,0,0,0,1236,0,0,87,0,23,140,0,0,0,0,12490,144,13,0,0,0,0,0,3,0,0,0,3,8,387,0,27,6,0,9,0,12,1,0,41,0,14,0,14285,0,0,0,0,0,0,0,0,55,0,1,0,0,3,0,0,0,0,0,4,0,19,0,0,0,0,0,0,0,0,0,0,0,0,0,23,0,0,0,0,0,0,0,0,0,0,51,0,0,0,0,0,0,0,0,0,0,0,0,0,0,0,106,15,0,0,0,0,97,0,0,0,0,3,0,0,0,0,1,0,0,0,0,0,0,0,0,0,0,0,0,0,69,0,0,0,0,0,0,0,162,0,0,0,0,0,0,68106,6,0,0,0,0,0,42,0,0
146,0,10,5752,39,90,16088,1973,0,0,4007,0,0,0,456,372,5,0,107,6,10,625,1,3,0,44,59,16144,3060,175,108,1,0,32,24,39,0,0,3,1253,356,32218,0,4606,12,2156,79,4304,809,10,372,4251,2,2280,0,20568,0,2,12,0,0,4,843,7,4,420,5,63,4,371,7,661,143,8478,165511,31,21687,3979,1,0,461,850,3,0,0,565,9333,0,8287,0,0,1,3,2,0,40,3,61,386,2,6,10,290,6,1,66,0,7,1,3,0,25,1,527,24,0,1,0,7775,4649,0,1073,16534,51,86,12,40,2,203,106,0,9843,5908,534,1952,0,15696,23,4,628,0,0,1,73,0,16,116,45,25925,1,486,1,60,14,0,0,5,161,10848,0,1,1796,2,65594,0,45,23,0,0,470,710,31,0
0,0,0,0,30,9,522,89,0,0,166,0,0,0,5,0,1,0,36,0,24,1,0,0,0,0,0,219,532,125,2419,0,0,0,0,5,0,1,0,1,17,873,0,43,2,0,16,1,0,2,0,57,0,225,0,380,0,0,0,0,0,0,7,2,8,0,1,3,0,30,0,0,24,0,0,3,35,585,0,0,0,568,0,0,0,83,0,0,0,0,0,0,0,0,0,5,0,0,0,0,0,0,88,0,0,2,0,0,0,0,0,0,0,0,5,0,0,0,196,128,0,101,0,0,10,3,1,0,5,539,0,0,0,3,43,0,0,0,0,0,0,0,1,1,0,16,3,4,107,0,0,0,0,0,0,0,0,0,39,0,0,195,0,1482,0,6,0,0,0,0,39,0,0
0,0,0,0,0,309,127,14,0,0,117,0,0,0,96,0,0,0,5325,0,0,0,0,0,0,0,0,0,8,2,0,0,0,0,0,0,0,0,0,0,924,0,0,24,0,0,0,0,178,63,0,87,0,0,0,0,0,0,0,0,0,0,0,0,0,0,0,0,0,0,0,0,0,0,0,2,0,0,0,0,0,0,0,0,0,545,0,0,0,0,0,0,0,0,0,0,0,0,0,0,0,0,0,0,0,0,0,0,0,0,0,0,0,0,0,0,0,0,45,83,0,0,0,0,0,0,0,0,0,0,0,0,0,23,196827,0,0,0,0,0,0,0,0,0,0,0,21,22,280,0,0,0,0,0,0,0,0,0,119,0,0,17377,0,7222,0,0,0,0,0,0,0,0,0
0,1,0,0,0,0,7460,489,0,322,524,0,0,0,12,0,10,0,0,0,5,25,0,0,0,357,14,11260,1650,16,0,0,0,123,0,0,14,0,2,43,53,7376,0,763,0,0,0,64,609,1,3839,1126,0,607,0,59582,0,5,0,0,0,0,147,0,0,0,0,0,0,61,0,277,151,0,0,87,0,1401,0,0,0,0,0,0,0,0,24,0,0,0,0,0,0,0,0,0,0,0,0,0,0,0,47,0,0,19,0,0,0,0,0,0,4,0,542,0,0,0,1343,1034,0,638,6,0,0,0,15,0,28,73,0,0,0,0,268,107,0,576,0,0,0,0,0,0,0,0,15,20,2151,2,110,0,0,0,0,0,0,0,94,0,667,0,0,50838,0,0,0,0,0,1,9572,492,0
0,0,0,0,0,143,27,51,97,0,249,0,0,0,41,0,0,0,1332,0,0,0,0,0,0,0,0,0,27,5,0,0,0,0,0,0,0,0,0,0,131,2504,0,17,0,0,1,0,19,46,0,68,0,0,0,0,0,0,0,0,0,0,0,0,0,0,0,0,0,14,0,0,0,0,0,1,0,0,0,0,0,16649,0,0,0,1154,0,0,0,0,0,0,0,0,0,1,0,0,0,0,0,0,0,0,0,1,0,0,0,0,0,0,0,0,0,0,0,0,131,90,0,0,0,0,0,0,0,0,0,0,0,0,0,108,84179,0,0,0,0,0,0,0,0,0,0,0,12,7,309,0,0,0,0,0,0,0,0,0,463,0,0,6612,0,215,0,0,0,0,0,0,10,0,0
0,0,0,1,0,0,6535,283,0,0,69,0,0,0,6,0,0,0,4,0,0,10,0,0,0,0,1,5234,744,5,23,0,0,0,0,0,0,0,0,1,120,1230,0,100,17,0,1,0,29,2,0,228,0,7934,0,311,0,0,0,0,0,0,3,0,0,11,0,0,0,9,0,0,1,0,0,4,1,213,0,0,2017,22,0,0,0,21007,1,0,0,0,0,0,0,0,0,1,0,2,0,0,0,0,6,0,0,0,0,0,0,0,0,0,0,1451,0,0,0,0,145,139,0,1110,2,0,0,0,4,0,15,1,0,0,1,2,146,0,0,0,0,35,0,0,0,0,0,0,18,0,214,0,0,0,71196,0,0,0,0,0,3,0,0,100,0,33870,0,0,2,0,0,0,6,0,0
0,0,0,0,303,0,13303,8,0,0,219,0,0,0,1,0,0,0,11,0,32,1662,0,0,0,0,0,17512,752,490,13560,0,0,0,0,21,0,0,0,1,611,5786,0,1155,45,0,211,38,421,5,0,341,0,1275,0,772,0,0,0,0,0,0,5,317,0,0,4,5,0,116,0,0,4,0,0,0,0,347,0,0,42083,10039,0,22,0,0,0,0,0,0,0,0,0,0,0,13,2,0,0,0,0,0,4454,0,0,0,0,0,30,0,0,0,0,106,7,0,0,0,886,742,0,299,0,0,67,12,18,0,20,17,0,0,0,0,1133,0,0,0,0,0,0,0,5,3,0,0,166,10,959,0,0,0,0,0,0,0,0,0,142,0,0,0,0,83478,0,4,414,0,0,0,482,0,0
0,0,1,35471,0,1,6065,286,0,0,43,0,0,0,138,3025,1,0,0,0,4,26,1,0,0,8,158,12081,472,33,6,0,0,73,17,21,0,0,0,279,117,109,0,1182,1,1570,4,2976,390,7,687,218,0,585,0,11328,0,0,0,0,0,0,113,1,0,2,0,1,0,224,0,3279,152,0,367,4,23,468,1,2884,14,141,1,0,0,22,0,0,353,0,1227,0,800,0,0,1,1,0,1,0,0,0,38,0,0,69,0,0,0,0,6,0,0,2,3,0,0,0,918,626,0,81,1051,0,2,0,124,0,185,3,0,13402,2646,31,116,0,0,194,0,4,0,0,0,57,0,1,77,1,2358,0,1371,0,1,0,0,0,1,1,5336,0,0,9,0,21254,0,51,2,0,0,16,441,2,0
0,0,0,0,15,0,2517,42,0,0,8,0,0,0,1,0,0,0,1,0,0,2,0,0,0,0,0,3771,326,1,4,0,0,0,0,0,0,0,0,1,27,1186,0,27,0,0,0,0,12,0,0,47,0,7721,0,174,0,0,0,0,0,0,6,0,0,0,0,0,0,8,0,0,5,0,0,1,0,56,0,0,187,0,0,0,5,101,0,0,0,0,0,0,0,0,0,0,0,0,0,0,0,0,0,0,0,0,0,0,0,0,0,0,0,0,0,0,0,0,73,34,0,4,0,0,0,0,0,0,2,0,0,0,0,0,68,0,0,0,0,0,0,0,0,0,0,0,3,0,118,0,0,0,61360,0,0,0,0,0,0,0,0,19,0,37680,0,0,2336,0,0,0,10,0,0
0,0,0,220,0,37,25,34,0,0,38,0,0,0,12,13,0,0,6,0,0,67,0,0,0,0,1,266,60,5,0,0,0,1,7,1,0,0,0,91,8,684,0,35,0,0,4,24,2,0,23,17,0,10,0,67,0,0,0,0,0,0,6,0,0,0,0,1,0,6,0,0,0,0,0,0,17,46,0,42,2,35,0,0,0,3,472,0,0,0,0,0,0,0,0,1,0,0,10,0,0,0,5,1,0,1,0,0,0,0,0,0,0,0,1,0,0,0,11,13,0,1,154,0,2,0,0,0,4,1,0,10,83,1,61,0,18,0,0,0,0,0,0,0,0,0,3,0,87,0,5,0,0,0,0,0,0,1,142,0,0,59,0,109,0,0,0,0,0,0,18,0,0
0,0,0,6,1,1,1148,134,0,0,334,36,1,0,6,0,0,0,0,0,1,62,0,0,0,5,2,833,218,31,1,1386,242,0,3,1,0,22,0,4,11,870,0,75,1,0,6,18,69,0,0,81,0,231,0,1432,0,6577,3842,100,113,1,10,0,0,0,0,2,0,31,0,0,25,0,0,4,2,581,0,0,6,44,0,0,0,4,3,0,0,0,0,0,0,0,0,5,0,0,3,0,0,0,20,0,1,2,0,0,0,0,0,0,0,0,6,0,2933,0,367,270,0,14,1,0,2,0,0,0,5,207,0,0,1,4,28,0,0,0,1,1,0,0,0,1,0,1,2,0,308,26,2,59,1,0,0,0,0,0,48,0,0,2,0,21518,0,0,0,0,0,0,286,1,0
32,6,72,2027,68,170,7726,2506,1,6,2484,26,15,0,721,119,12,1,597,6,15,903,5,2,0,54,319,14378,5568,619,98,2309,7,118,125,30,0,4,10,616,813,18365,0,1798,18,6272,151,18292,1828,34,2239,2268,1,8354,8,33484,0,15,76,1,0,31,1019,18,4,95,7,292,10,906,1592,37,534,232,3893,42,16197,40740,4,138968,534,3281,1171,0,0,391,3997,0,9118,4,0,2,29,1,0,254,7,6,1427,4,40,0,665,39,2,1807,0,20,0,2,50,7,3,213,86,104,44,1,6078,4885,0,440,4099,11,111,8,64,1,590,434,0,430,1624,560,3931,0,5045,1481,18,685,0,0,2,424,0,13,244,87,13436,5,3290,17,8,3,0,0,9,9902,21337,8,435,3875,5,40552,1,172,26,1,0,1753,4345,26,0
0,0,0,0,0,0,0,1,0,0,0,0,0,0,0,0,5,0,0,0,0,8,156,0,0,0,0,146,3,12,0,0,0,0,0,0,0,0,0,0,1,0,0,1,0,0,0,0,0,0,0,1,0,0,0,194,0,0,0,0,0,0,0,0,17,0,0,0,0,0,0,0,0,0,0,0,0,0,0,0,0,0,0,0,0,0,0,0,0,0,0,0,0,0,0,0,0,0,0,0,0,0,0,0,0,0,0,0,0,0,0,0,0,0,0,0,0,0,0,0,0,0,0,0,0,0,0,0,0,0,0,0,0,0,0,0,0,0,0,0,0,0,0,0,0,0,0,0,2,0,0,0,0,0,0,0,38,0,0,0,0,0,0,629,2,0,0,0,0,0,0,0,0
9,0,3,17387,2,4,43608,508,0,0,1022,0,0,0,23,1377,19,0,5,0,1,151,0,261,0,921,3,55349,19127,52,1766,0,0,0,3,2,0,0,0,4281,104,21878,0,3068,2,0,18,94,251,5,0,818,0,15110,0,50591,0,6,0,0,0,1,258,1,0,233,0,3,3,44,0,13893,70,0,2,62,6,29720,0,2,4215,147,0,0,7,15347,9333,0,561,0,0,0,0,0,0,31,11,4,5,0,1,0,26,0,0,16,0,0,0,0,0,497,0,2011,8,0,0,0,3578,3350,10,4084,33358,35,5,0,48,12,53,19,0,0,28044,114,383,0,70757,0,0,4013,0,0,0,2,0,0,7,1,2504,0,0,0,6,0,0,0,0,2,137,0,0,26,0,21206,0,1,16,0,0,0,899,3,0
0,0,0,0,0,0,0,0,0,0,0,0,0,0,0,0,0,0,0,0,0,0,0,0,0,0,0,0,0,1,0,0,0,0,0,0,0,0,0,0,0,0,0,0,0,0,0,0,0,0,0,0,0,0,0,0,0,0,0,0,0,0,0,0,0,0,0,0,0,0,0,0,0,0,0,0,0,0,0,0,0,0,0,0,0,0,0,0,0,0,0,0,0,0,0,0,0,0,0,0,0,0,0,0,0,0,0,0,0,0,0,0,0,0,0,0,0,0,0,0,0,0,0,0,0,0,0,0,0,0,0,0,0,0,0,0,0,0,0,0,0,0,0,0,0,0,0,0,1,0,0,0,0,0,0,0,0,0,0,0,0,0,0,0,0,0,0,0,0,0,22222,0,0
0,0,0,0,0,125,463,311,0,0,1193,0,0,0,105,0,0,0,17831,0,1,139,0,0,0,2,1,870,346,17,1,0,0,0,0,4,0,0,0,25,406,11490,0,4271,0,0,2,1,15,564,0,929,0,212,0,15231,0,0,0,0,0,0,26,0,0,0,0,7,0,72,0,0,1415,0,0,179,201,613,0,0,4,5331,0,307,0,63,0,0,0,0,0,0,0,0,0,184,1242,0,0,0,0,0,30,0,0,16,0,1,0,0,0,0,0,0,1,0,0,0,2835,27127,0,12,2,0,9,0,0,0,9250,47,0,0,0,89,36333,0,0,0,0,0,0,0,0,4,0,0,83,29,4501,0,0,0,0,0,0,0,0,0,183,0,0,21898,0,2726,0,5,0,0,0,0,176,0,0
0,0,0,0,9,0,82,306,0,0,1395,0,0,0,50,0,0,0,0,0,2,22,0,0,0,0,0,163,933,10,0,0,0,0,0,5,0,1,3,5,12,8135,0,191,0,0,0,0,257,6,0,69,0,3153,0,618,0,0,0,0,0,0,30,0,0,0,0,11,0,84,0,0,32,0,0,68,0,1342,0,0,0,0,0,0,0,0,0,0,0,0,0,0,0,0,0,0,2,0,0,0,0,0,0,0,0,0,0,38,0,0,0,0,0,0,16,0,0,0,379,43,0,0,0,0,0,3,0,0,83,1192,0,0,0,0,18,0,0,0,0,0,0,0,0,27,0,0,26,8,136,0,0,0,0,0,0,0,0,0,19,0,0,0,0,301,0,0,0,0,0,0,11,0,0
0,0,0,0,0,208,5,108,0,0,540,0,0,0,85,0,0,0,9119,0,0,3,0,0,0,0,1,1,101,8,0,0,0,1,0,0,0,0,0,4,309,1567,0,1123,0,0,2,0,121,561,1,1201,0,1,0,3,0,0,0,0,0,0,0,0,0,0,0,2,0,38,0,0,0,0,0,15,0,1,0,1,0,6866,0,0,0,107,0,0,0,0,0,0,0,0,0,47,0,0,0,0,0,0,2,0,0,7,0,1,0,0,0,0,0,0,0,0,0,0,1425,4616,0,0,0,0,0,0,0,0,35,1,0,0,0,78,26771,0,0,0,0,0,0,0,0,0,0,0,56,42,1301,0,0,0,0,0,0,0,0,0,76,0,0,18693,0,23,0,0,0,0,0,0,31,0,0
0,0,0,0,0,0,357,4,0,0,0,0,0,0,0,0,0,0,0,0,0,0,0,0,0,0,0,749,0,3,1730,0,0,0,0,0,0,0,0,0,0,0,0,0,0,0,0,0,0,0,0,0,0,1,0,0,0,0,0,0,0,0,0,0,0,0,0,0,0,0,0,0,0,0,0,0,0,0,0,0,0,0,0,0,0,0,0,0,0,0,0,0,0,0,0,0,0,0,0,0,0,0,0,0,0,0,0,0,0,0,0,0,0,0,0,0,0,0,0,3,0,0,0,0,0,0,0,0,0,255,0,0,0,0,0,0,0,0,0,2696,0,0,0,0,0,0,0,0,0,0,0,0,0,0,0,0,0,0,0,0,0,0,0,1171,0,0,0,0,0,0,0,0,0
0,0,0,0,0,0,488,544,0,0,18294,0,0,0,28,0,0,0,0,0,3,142,0,0,0,0,0,12248,4679,45,0,0,0,0,0,11,0,0,0,17,129,30458,0,1072,5,0,15,216,0,4,0,1104,0,122167,1,4263,0,0,0,0,0,0,213,0,0,0,0,7,0,53,0,0,26,0,0,37,17113,68848,0,0,0,0,0,0,0,0,81,0,0,0,0,0,0,0,0,80,1,0,0,0,0,0,112,0,0,76,0,0,0,0,0,0,0,0,0,0,0,0,23204,1254,0,0,0,0,19,3,0,0,74,387,0,0,0,92,399,0,0,0,0,0,0,0,0,6,0,0,20,9,2615,0,0,0,0,0,0,0,0,1773,154,0,0,645,0,11430,0,54,0,0,0,0,388,0,0
0,0,0,0,0,15,0,1,0,0,18,0,0,0,15,0,0,0,226,0,0,0,0,0,0,0,0,0,0,0,0,0,0,0,0,0,0,0,0,0,4,0,0,2,0,0,0,0,0,1,0,7,0,0,0,0,0,0,0,0,0,0,0,0,0,0,0,0,0,12,0,0,0,0,0,0,0,0,0,0,0,350,0,0,0,3,0,0,0,0,0,0,0,0,0,0,0,0,0,0,0,0,0,0,0,0,0,0,0,0,0,0,0,0,0,0,0,0,14,19,0,0,0,0,0,0,0,0,0,0,0,0,0,3194,3834,0,0,0,0,0,0,0,0,0,0,0,6,2,13,0,0,0,0,0,0,0,0,0,3,0,0,2653,0,1,0,0,0,0,0,0,1,0,0
0,0,0,0,0,0,60,14,0,0,98,0,0,0,0,0,0,0,0,0,1,6,0,0,0,131,0,431,309,2,0,0,0,0,0,0,0,0,0,1,5,270,0,9,0,0,0,5,57,0,0,5,0,7893,0,118,0,0,0,0,0,0,5,0,0,0,0,0,0,3,0,0,0,0,0,0,0,208,0,0,0,0,0,0,0,0,0,0,0,0,0,0,0,0,0,0,0,0,0,0,0,0,0,0,0,0,0,0,0,0,0,228,0,0,0,0,0,0,17,48,0,0,0,0,0,0,0,0,0,4,0,0,0,0,21,0,0,0,0,0,0,0,0,0,0,0,0,0,23,0,0,0,0,0,0,0,0,0,0,0,0,0,0,0,0,0,0,0,0,0,108,0,0
2,0,0,602,0,0,770,28,0,0,11,0,0,0,4,47,1,0,0,0,0,20,0,1,0,11,1,360,106,10,6,0,0,0,1,0,0,0,1,8,6,107,0,18,0,0,2,24,10,0,0,14,0,39,0,668,0,0,0,0,0,0,6,0,0,5,0,1,0,2,2,99,7,0,0,0,6,120,0,0,51,52,0,0,0,25,346,0,1,0,0,0,426,0,0,3,0,0,0,0,2,0,4,0,0,1,0,0,0,2,0,11,1,63,2,0,0,0,20,16,0,61,586,57,3,0,3,0,3,6,0,0,244,8,64,0,379,0,0,114,0,0,0,1,0,0,1,0,37,0,0,0,0,0,0,0,1,0,32,0,0,2,0,1053,0,0,2,0,0,0,119,5,0
0,0,0,1,0,4,1454,333,0,0,306,0,0,0,27,0,25,0,19,703,544,552,0,0,0,0,0,10735,1351,823,0,0,0,0,0,202,0,0,0,12,221,3593,0,310,106,0,593,9,358,7,0,447,0,669,0,1136,0,0,0,0,0,0,6,3019,0,0,79,6,79,67,0,0,2,0,1,24,62,719,0,1,384,163,0,0,0,21,0,0,1,0,0,1,0,0,0,9,1,0,0,0,0,0,0,0,0,0,0,0,0,0,0,0,0,0,0,0,0,0,1002,418,0,0,0,0,785,12,0,0,32,31,0,0,0,115,63,0,0,0,0,0,0,0,53,3,0,0,27,38,526,0,0,0,0,0,0,0,0,0,100,0,0,110,0,758564,0,57,0,0,0,0,78,0,0
0,0,0,0,0,0,0,1209,0,0,1905,0,0,0,213,0,0,0,0,0,0,0,0,0,0,0,0,0,2321,22,0,0,0,0,0,0,0,0,0,0,48,0,0,101,0,0,0,0,0,0,0,4591,0,0,0,0,0,0,0,0,0,0,0,0,0,0,0,97,0,0,0,0,0,0,0,3,0,0,0,0,0,3,0,0,0,0,0,0,0,0,0,0,0,0,0,29,0,0,0,0,0,0,0,0,0,2,0,317,0,0,0,0,0,0,0,0,0,0,35,52,0,0,0,0,0,0,0,0,1,0,0,0,0,4,23,0,0,0,0,0,0,0,0,0,0,0,88,1209,449,0,0,0,0,0,0,0,0,0,10319,0,0,0,0,0,0,0,0,0,0,0,3,0,0
0,52,1,71,21,5,366,109,0,1,724,534,6703,0,13,6,1,0,22,0,4,92,0,0,0,2,408,1483,461,117,2,58993,1830,1297,17413,7,0,6,1,5,36,1462,0,88,6,1,20,124,1186,1,0,52,0,33454,9687,1062,0,2017,18325,1719,3,78,43,2,0,3,0,3,3,27,0,0,65,0,0,2,73,2289,0,0,37,141,0,0,0,23,21,0,0,350,0,0,0,1,0,18,0,0,176,0,20,0,142,0,0,3,0,1,0,0,44189,2,8,0,32,47282,46283,0,200,160,0,23,0,0,6,4,7,0,58,329,0,0,0,153,92,0,0,203,5540,4,0,475,1,7,0,0,9,2,162,2,53,2432,0,0,0,0,1,609,62,0,0,131,1,1432,0,4,2,2,0,0,607,220,0
0,0,0,0,0,0,0,22,0,0,131,0,0,0,27,0,0,0,0,0,0,5,0,0,0,0,0,780,57,5,0,0,0,0,0,0,0,0,0,6,8,137,0,8,1,0,0,0,35,0,0,16,0,23,0,3138,0,0,0,0,0,0,1,0,0,0,0,0,0,28,0,0,2,0,0,0,0,145,0,0,0,0,0,0,0,0,0,0,0,0,0,0,0,0,0,72,0,0,0,0,0,0,0,0,0,0,0,0,0,0,0,0,0,0,0,0,0,0,54,33,0,0,0,0,0,0,0,0,0,5,0,0,0,0,16,0,0,0,0,0,0,0,0,5,0,0,7,0,38,0,0,0,0,0,0,0,0,0,9,0,0,0,0,59,0,0,0,0,0,0,66,0,0
17,0,0,84,6,0,11098,45,0,0,97,0,0,0,1,7,0,0,0,1,0,20,0,1,0,6,0,3208,114,15,1,0,0,0,1,1,0,0,2,20,110,983,0,951,1,0,2,5,49,0,0,916,1,167,0,4186,0,0,0,0,0,0,8,0,1,578,0,0,0,12,1,1611,19,0,0,1,1,237,0,0,162,2,0,0,4,9467,58,35,0,0,0,0,0,0,0,1,0,108,0,0,2,0,8,0,0,0,0,0,1,0,0,4,0,60872,3,0,0,0,639,1370,0,1116,111,278,45,1,99,0,1,6,0,0,30,4,361,0,28462,0,0,596,0,0,0,1,0,4,1,1,507,0,0,0,282628,0,0,0,1,0,18,0,0,7,0,58115,0,4,4659,0,0,0,126,6,0
0,0,0,0,0,0,0,2780,0,0,331,0,0,0,4,0,0,0,0,0,0,1,0,0,0,0,0,37,312,0,0,0,0,0,0,0,0,0,0,0,54,3,0,71,0,0,0,0,8,0,0,2,0,0,0,19,0,0,0,0,0,0,0,0,0,0,0,376,0,8,0,0,0,0,0,0,0,0,0,0,0,0,0,0,0,0,0,0,0,0,0,0,0,0,0,1592,0,0,0,0,0,0,0,1465,0,0,0,0,0,0,0,0,0,0,0,0,0,0,0,77,0,0,0,0,0,0,0,0,5,2,0,0,0,0,57,0,0,0,0,0,0,0,0,1067,0,0,10,301,369,0,0,0,0,0,0,0,0,0,0,0,0,0,0,0,0,0,0,0,0,0,0,0,0
0,0,0,0,0,5,268,586,0,0,670,0,0,0,31,0,0,0,98,0,0,1,0,0,0,0,0,280,215,2,0,0,0,0,0,0,0,0,2,0,878,4,0,9,0,0,0,4,82,18,0,28,0,234,0,393,0,0,0,0,0,0,1,0,0,0,0,0,0,13,0,0,40,0,0,1,0,54,0,0,23,438,0,0,0,749,0,0,0,0,0,0,0,0,1,0,17,0,0,30,0,0,0,0,0,0,0,0,0,0,0,0,0,0,0,0,0,0,103,63,0,0,0,0,0,0,0,0,87,0,0,0,0,0,8701,0,0,0,0,0,0,0,0,0,0,0,29,0,1762,0,0,0,0,0,0,0,0,0,101,0,0,114,0,5,0,0,0,0,0,0,1,0,0
0,27,0,0,0,0,32,3,0,0,4,0,0,0,3,0,0,0,0,0,0,75,0,0,0,126,0,34,59,7,0,0,0,0,0,0,0,1,0,1,2,0,0,8,0,0,0,0,0,0,0,7,0,11,0,146,0,0,0,0,0,0,0,0,0,0,0,0,0,1,0,0,0,0,0,3,0,13,0,0,0,0,0,0,0,0,0,0,0,0,0,0,0,6,0,0,0,0,0,0,0,0,0,0,0,0,0,0,0,0,0,0,186,0,9,0,0,0,7,13,0,0,0,0,0,0,0,0,1,1860,0,0,0,0,8,0,0,0,0,0,0,0,0,0,0,0,0,0,2,2118,0,0,0,0,0,0,0,0,0,0,0,0,0,0,0,0,0,0,0,0,40380,157,0
0,6,0,9,4,1,97,50,0,2,1950,11,48,0,5,0,0,0,4,0,2,36,0,0,0,1,8,810,244,10,3,2880,28,0,2546,1,0,69,0,1,15,364,0,31,1,2,4,133,3113,2,0,46,0,14423,259,347,0,20,1040,1460,355,0,85,0,0,1,0,0,0,5,0,0,7,0,61,2,30,2949,0,70,3,21,1,0,0,4,19,0,7,40,0,0,0,0,0,3,0,0,1209,0,0,0,18,0,6599,1,0,0,0,0,0,0,0,0,4,3,96,2,256,86,0,2,9,0,2,0,0,0,6,400,0,1,4,12,13,0,1,8,18283,2,0,80,0,0,0,0,1,0,120,0,7,113,0,0,0,0,0,418,47,0,17,21,0,1880,0,3,0,0,0,0,143,3,0
0,0,0,0,0,0,694,19,0,0,135,0,0,0,0,0,0,0,0,0,0,0,0,0,0,362,0,1218,472,3,0,0,0,0,0,0,0,0,0,2,6,0,0,7,0,0,0,0,0,1,0,18,0,1216,0,3429,0,0,0,0,0,0,0,0,0,0,0,0,0,18,0,0,0,0,0,0,0,495,0,0,0,1,0,0,0,0,0,0,0,0,0,0,0,0,0,13,0,0,0,0,0,0,0,0,0,0,0,0,0,0,0,0,0,0,17,0,0,0,13,15,0,0,0,0,0,0,0,0,0,0,0,0,0,0,16,0,0,0,0,0,0,0,0,0,0,0,0,0,14,0,0,0,0,0,0,0,0,0,0,0,0,1,0,0,0,0,0,0,0,0,2095,0,0
0,0,0,0,0,0,221,7,0,0,10,0,0,0,0,0,0,0,0,0,0,2,0,0,0,978,0,77,19,1,0,0,0,0,0,0,0,0,0,1,2,0,0,14,0,0,0,3,17,0,0,18,0,5,0,1664,0,0,0,0,0,0,0,0,0,0,0,0,0,0,0,0,1,0,0,0,0,12,0,0,0,0,0,0,0,0,0,0,0,0,0,0,0,16,0,0,0,0,0,0,0,0,0,0,0,0,0,0,0,8187,0,0,0,0,66,0,0,0,17,21,0,0,0,0,0,0,0,0,0,48,0,0,0,0,8,0,0,0,0,0,0,0,0,0,0,0,0,0,0,0,0,0,0,0,0,0,0,0,0,0,0,0,0,0,0,0,0,0,0,0,25649,0,4773
0,0,0,0,0,0,9746,27,0,0,23,0,0,0,1,0,0,0,0,0,0,39,0,0,0,0,0,841,111,6,113,0,0,0,0,0,0,0,0,2,46,346,0,48,0,5,3,75,16,0,0,52,0,46,0,1889,0,0,0,0,0,0,1,0,0,66,0,0,0,2,0,0,30,0,0,2,0,11,0,0,1095,0,0,0,0,287,0,0,0,0,0,0,0,0,0,2,0,0,0,0,0,0,5,0,0,1,0,0,0,0,0,4,0,0,0,0,0,0,66,55,0,607,0,0,1,0,5,0,3,2,0,0,0,0,108,0,0,0,0,101249,0,0,0,0,0,0,2,0,57,0,0,0,0,0,0,0,0,0,17,0,0,11,0,1964,0,0,17,0,0,0,71,0,0
0,133,0,0,0,0,0,0,0,0,1,0,0,0,1,0,0,0,0,0,0,0,0,0,0,0,0,0,0,1,0,0,0,0,0,0,0,0,0,0,1,0,0,0,0,0,0,0,0,0,0,10,0,0,0,0,0,0,0,0,0,0,0,0,0,0,0,0,0,0,0,0,0,0,0,0,0,0,0,0,0,2,0,0,0,0,0,0,0,0,0,0,0,1,0,0,0,0,0,0,0,0,0,0,0,0,0,0,0,0,0,0,0,0,0,0,0,0,0,0,0,0,0,0,0,0,0,0,0,0,0,0,0,0,10,0,0,0,0,0,0,0,0,0,0,0,0,0,4,0,0,0,0,0,0,0,0,0,0,0,0,1,0,0,0,0,0,0,0,0,21241,646,0
0,0,0,0,0,0,16,18,0,0,1015,22428,1018,0,1,0,0,0,0,0,0,7,0,0,0,0,44,358,112,9,0,4611,1271,1,97,0,0,0,0,4,3,563,0,9,0,0,0,51,84,0,0,23,0,2094,42,123,0,1953,1255,0,0,0,7,0,0,0,0,0,0,0,0,0,40,0,0,0,2,442,0,0,0,0,0,0,0,0,0,0,0,0,0,0,0,0,0,0,0,0,2,0,0,0,0,0,223,21,0,0,0,0,0,0,0,0,1,0,25545,0,69,31,0,0,1,0,0,0,0,0,0,1,0,0,0,0,20,0,0,50,151,0,0,27,0,0,0,0,1,0,29,0,1610,15124,0,12,0,0,0,1,0,0,0,0,0,50,0,0,0,0,0,0,14,0,0
0,1,0,11811,11,0,3660,4759,0,0,2757,16422,812,0,66,1007,88,0,0,24,5,671,0,0,0,417,247,16115,1919,16,0,6600,21344,0,120,20,0,309,1,181,434,14844,0,850,11,0,28,416,5776,8,0,1987,0,2406,4232,99147,0,26779,1077,0,0,244,1115,0,0,0,0,15,0,943,0,120,8323,0,0,41,0,25401,0,0,1083,0,0,0,0,490,3032,0,0,1297,0,6,0,0,7,0,4,0,0,0,0,0,116,0,1595,225,0,0,0,0,0,0,0,0,544,2802,0,6,3430,1286,0,0,0,0,18,0,70,0,202,122,0,0,2551,262,530,0,0,4575,141,0,0,510,0,0,0,0,73,41,2897,0,1713,10197,0,0,0,0,250,312,939,0,0,0,0,118753,0,39,0,0,0,0,10540,769,0
0,0,0,0,7,1,204,85,0,0,67,0,0,0,15,0,5,0,4,19,26,151,0,0,0,0,0,2833,236,174,1,0,0,0,0,141,0,0,40675,5,13,580,0,57,72,0,181,0,8029,1,0,71,0,149,0,122,0,0,0,0,0,0,31,2906,0,0,1390,0,1,10,0,0,3,0,0,8,1,307,27,0,6,46,0,0,0,5,0,0,0,0,0,0,0,0,0,1,0,0,0,0,0,0,2884,0,0,0,0,0,0,0,0,0,0,0,1,0,0,0,169,74,0,2,0,0,4222,29,0,0,1,1,0,0,0,1,59,0,0,0,0,1,0,0,1601,0,0,0,1,0,288,0,0,0,0,0,0,0,0,0,14,0,0,20,0,66786,0,332,0,0,0,0,49,0,0
0,128,0,0,0,11,2570,8342,2,0,33347,0,0,0,1137,0,10,9,19,0,24,672,0,0,0,161,14,13376,16474,346,0,0,6,24,1,29,0,4,0,121,1577,32844,0,1287,45,0,212,118,0,39,0,1255,0,2930,0,8685,0,10,0,0,0,0,101,24,0,1,5,581,0,1913,0,0,110,0,0,4,144,1261,0,0,127,2104,0,0,0,79,0,0,0,0,0,3,0,0,0,2189,6,0,3,3,0,0,566,162,0,128,0,107,0,0,0,0,0,0,131,0,0,0,0,2421,0,53,0,0,81,13,2,0,583,1168,0,0,0,371,2080,0,0,1,0,0,0,0,1,87,0,612,289,993,2995,0,0,0,0,5,0,0,0,6,34500,0,0,220,0,2910,5,10,1,0,0,0,5644,2,0
0,0,0,0,0,0,196,488,0,0,92,0,0,0,81,0,1,0,18,0,3,54,0,0,0,38,0,343,487,77,0,0,0,0,0,3,0,0,0,19,67,1887,0,2197,2,0,31,7,539,28,0,668,0,169,0,1582,0,0,0,0,0,0,5,0,0,0,0,98,0,125,0,0,2,0,0,82,0,108,0,0,17,38,0,0,0,0,0,0,0,0,0,0,0,0,0,50,6,0,0,0,0,0,35,12,0,10,0,0,0,0,0,0,0,0,4,0,0,0,257,0,0,0,0,0,7,0,0,0,183,27,0,0,0,40,155,0,0,0,0,0,0,0,0,10,0,0,162,8,995,0,0,0,0,0,0,0,0,0,1408,0,0,1,0,1246,0,0,0,0,0,0,111,1,0
6,0,0,19151,3,0,14850,263,0,0,2455,0,0,0,19,1625,0,0,0,1,2,29,0,701,19273,5,0,4808,428,17,2,0,0,0,0,0,0,0,3,25,75,1578,0,1607,5,0,1,1,1007,9,0,2061,0,406,0,16581,0,0,0,0,0,0,14,0,0,1947,0,0,0,33,1,7651,37,0,0,33,2,601,0,0,80,2,0,0,2,7297,19204,0,0,0,0,0,57,0,0,15,2,36,0,0,1,0,5,0,0,0,0,0,1,1,0,4,0,44865,2,0,0,0,930,1384,0,725,222,57,7,1,18,0,21,166,0,0,93083,3,123,0,63135,0,0,219,0,0,0,1,0,2,1,1,397,0,0,0,37,0,0,0,0,0,1,0,0,6,0,42036,0,2,906,0,0,0,82,5,0
0,0,0,0,0,7,126176,119,0,0,39,0,0,0,27,0,5,0,30,0,5,70,0,0,0,0,0,1708,419,77,0,0,0,0,0,4,0,0,0,18,96,901,0,159,0,0,32,13,179,3,0,102,19,136,0,8196,0,0,0,0,0,0,16,0,0,15,0,20,0,38,0,0,63,0,0,5,0,88,0,0,486,349,1,0,0,116,0,0,0,0,0,0,0,0,0,7,0,0,0,0,0,0,45,1,0,12,0,10,0,0,0,0,0,84,10,0,0,0,378,181,0,0,0,0,9,3,3,0,18,6,0,0,0,0,174,0,0,0,0,422,0,0,0,25,0,0,14,6,183,11,0,0,0,15,0,0,0,0,76,0,0,159,0,3544,0,0,0,43,0,1,821,0,0
0,0,0,35,0,0,19,1,0,0,4,0,0,0,1,1,0,0,0,0,0,2,0,0,0,1,3,23,4,1,0,0,0,0,2,0,0,0,0,0,0,13,0,1,0,0,1,1,0,0,0,1,0,1,0,2,0,0,0,0,0,1,0,0,0,0,0,0,0,1,0,0,0,0,0,0,4,4,0,0,1,0,0,0,0,0,3,0,0,0,0,0,0,0,0,1,0,0,1,0,1,0,2,0,0,0,0,0,0,0,0,0,0,0,0,0,0,0,0,1,0,1,0,0,0,0,0,0,1,3,0,0,0,1,1,0,0,0,0,0,0,0,0,0,0,1,0,0,2,0,0,0,0,0,0,0,0,1,13,0,0,0,0,11,0,0,0,0,0,0,20,0,0
468552,0,0,0,0,0,24296,3663,38,0,11377,0,0,0,146,0,0,0,124,0,4,94,0,56,0,220,0,47395,2438,92,792,0,0,0,0,25,0,0,1,153,455,38794,0,6962,15,0,33,180,4943,14,0,3803,253,4650,0,128504,0,10,0,0,0,0,5021,7,0,910,0,0,0,782,213,0,1281,1010,0,19,228,17808,0,0,3553,0,0,0,0,5424,27757,0,43,0,0,4,0,125,3,0,6,0,0,0,0,0,73,0,0,67,0,0,3,289,0,51,0,4064,59,0,0,1,8128,9779,0,1139,174304,0,23,9,157,0,85,433,0,0,144,387,1944,0,80738,0,0,28620,0,0,0,0,0,0,86,30,16941,0,0,0,0,651,0,0,0,0,5505,0,0,690,0,90865,0,2,188,0,0,0,3744,0,0
0,0,0,0,0,1,87,12,0,0,17,0,0,0,2,0,10,0,3,0,6,97,0,0,0,0,0,325,74,232,0,0,0,0,0,156,0,0,0,3,18,123,0,17,56,0,247,0,0,0,0,7,0,24,0,70,0,0,0,0,0,0,3,50,0,0,20,0,0,2,0,0,0,0,0,0,0,72,3,0,0,23,0,0,0,1,0,0,0,0,0,4,0,0,0,0,0,0,0,0,0,0,43,0,0,0,0,0,0,0,0,0,0,0,0,0,0,0,54,9,0,0,0,0,0,4,0,0,5,4,0,0,0,0,32,0,0,0,0,0,0,0,15,0,0,0,0,0,42,0,0,0,0,0,0,0,0,0,3,0,0,15,0,8277,0,0,0,0,0,0,11,0,0
0,0,0,0,23191,2,2127,525,0,0,373,0,0,0,13,0,88,0,9,0,1655,4572,0,0,0,0,0,6169,2726,59435,2039,0,0,0,0,828,0,0,220,10,111,5214,0,288,234,0,4780,0,13,5,0,296,0,1602,0,1473,0,0,0,0,0,0,32,121,0,0,46,22,156,26,0,0,13,0,0,14,284,19550,0,0,6818,146,0,0,0,16,0,0,0,0,0,0,0,0,0,36,0,0,0,0,0,0,3841,0,0,10,0,0,0,0,0,0,0,0,2,0,0,4,870,484,0,5,0,0,1082,0,9,0,31,54,0,0,0,4,194,0,0,0,0,0,0,0,30,10,0,0,29,20,1647,0,0,0,0,0,0,0,0,0,75,0,0,46,490,85080,0,5462,0,0,0,0,80,0,0
0,2,0,4,0,1,46897,3622,0,0,1267,0,0,0,28,0,268,0,2,0,6,119,0,0,0,1,0,89994,3335,123,8480,0,0,0,0,12,0,0,3,1580,139,13603,0,2731,7,0,45,180,3151,5,0,1957,0,1596,0,21755,0,3,0,0,0,0,588,15,0,5452,0,17,0,88,0,0,990,0,0,345,0,18831,0,0,43277,745,0,0,0,4945,23507,0,0,0,0,0,0,0,0,64,0,1086,0,0,0,0,234,0,0,148,0,0,10,0,0,0,0,1751,64,0,0,0,2597,8332,0,13541,62804,0,338,20,0,0,45,81,0,0,26690,8,239,0,0,0,0,2710,0,0,2,6,0,0,14,63,3187,0,0,0,8,0,0,0,64,0,415,0,0,7,0,283936,0,10,56,0,0,0,528,0,0
0,0,0,0,0,0,384,9,0,0,3,0,0,0,2,0,0,0,1,0,0,3,0,0,0,1,0,72,25,6,10,0,0,0,0,1,0,0,0,8,4,47,0,10,0,0,2,1,6,0,0,8,1,11,0,263,0,0,0,0,0,0,14,0,0,5,0,4,0,3,0,0,5,0,0,1,3,31,0,0,58,6,0,0,0,18,2,0,0,0,0,0,0,0,0,0,0,0,0,0,0,0,14,0,0,16,0,0,0,0,0,0,0,5,1,0,0,0,14,8,0,53,7,0,1,0,3,0,3,2,0,0,3,0,3,0,0,0,0,22,0,0,0,1,0,0,1,1,11,0,0,0,0,0,0,0,0,0,11,0,0,3,0,191,0,0,1,2,0,0,31,2,0
0,0,0,0,0,43,0,2606,0,0,3671,0,0,0,143,0,0,0,2745,0,0,10,0,0,0,0,0,0,470,10,0,0,0,0,0,0,0,0,0,4,1016,52342,0,1400,0,0,3,0,0,27,0,775,0,0,0,0,0,0,0,0,0,0,0,0,0,0,0,5,0,112,0,0,0,0,0,1,0,0,0,0,12,2484,0,0,0,9,0,0,0,0,0,0,0,0,0,116,0,0,0,5,0,0,9,3,0,7,0,2,0,0,0,0,0,0,1,0,0,0,7102,10478,0,0,0,0,0,0,0,0,0,0,0,0,0,16,21481,0,0,0,0,0,0,0,0,0,0,0,674,29,1841,0,0,0,0,0,0,0,0,0,132,0,0,3932,0,6,0,0,0,0,0,0,135,0,0
0,5450,0,0,182,16,1403,359,0,0,9753,0,0,0,196,0,3,0,187,0,11,26059,0,0,0,120,0,17706,39667,112,0,0,0,0,263,9,0,113,0,11,163,18471,0,434,8,0,91,6,3,10,0,296,0,41777,0,10721,0,0,0,0,0,0,8,5,0,0,0,7,0,177,0,0,48,0,0,1,0,541,0,0,31,578,0,0,0,10,0,0,0,0,0,0,13,0,0,24184,2,66,0,21,0,0,169,0,0,15,0,0,0,523,0,0,0,0,84,0,0,0,2449,1761,0,0,0,0,41,2,0,0,21,0,0,0,0,693,4913,0,0,0,0,0,0,0,1,4,0,0,62,27,675,0,0,0,21,0,0,0,0,0,73,0,0,605,0,26966,0,0,0,0,0,0,12903,0,0
0,0,0,0,71498,1,290,66,0,0,82,0,0,0,5,0,1,0,1,1,638,9898,0,0,0,1,1,830,264,1566,109,0,0,0,0,32,0,1,3,2,14,607,0,22,5,0,113,1,4,1,0,26,0,103,0,184,0,0,0,0,0,0,5,12,13,0,3,2,1,11,0,0,9,0,0,2,12,273,0,0,103,84,0,0,0,17,0,0,0,0,0,0,0,0,0,5,0,0,0,0,0,0,304,0,0,2,0,0,0,0,0,0,0,0,6,0,0,0,99,80,0,42,0,0,35,51,0,0,6,270,0,0,0,9,50,0,0,0,0,2,0,0,1,0,0,27,3,1,45,0,0,0,0,0,0,0,1,0,53,0,0,1,188,2141,0,14,1,0,0,0,75,1,0
0,0,0,256,0,2,66,3,0,0,6,0,0,0,4,22,0,0,0,0,0,5,0,0,0,0,0,36,6,8,0,0,0,0,1,0,0,0,0,10,1,48,0,8,0,0,1,894,8,0,0,4,0,0,0,13,0,0,0,0,0,0,0,0,0,0,0,0,0,5,0,0,0,0,14,0,0,1,0,86071,0,0,0,0,0,0,101,0,1527,0,0,0,0,0,0,0,0,0,1,0,0,0,0,0,0,0,0,0,0,0,0,0,0,0,0,0,0,0,28,21,0,0,666,0,1,0,0,0,0,0,0,0,486,0,8,0,0,0,0,0,0,0,0,0,0,0,0,0,54,0,0,0,0,0,0,0,0,1,134,0,0,11,0,95,0,0,0,0,0,0,2,0,0
317,0,1,126,1,3,670,57,0,0,54,0,0,0,37,20,1,0,1,0,1,11,1,0,0,10,107,430,63,27,9,0,0,66,19,1,0,0,0,37,14,229,0,41,1,4,5,342,40,1,1652,58,1,73,0,872,0,0,0,0,0,3,44,1,0,6,0,1,0,9,1,0,12,10,451,1,37,168,1,2394,33,113,13,0,0,49,757,0,346,0,0,0,0,1,0,3,0,0,3,0,2,0,50,0,0,8,0,0,0,2,0,1,0,20,3,0,0,0,56,222,0,85,2738,0,2,1,1,0,15,13,0,1,0,29,27,0,1780,156,0,131,0,0,0,1,0,1,5,1,349,0,728,0,1,1,0,0,1,3,4945,0,4,9,0,819,0,0,3,0,0,46,399,2,0
0,9,16,61,0,68,2149,18843,0,1,29065,0,0,0,1357,3,23,58,457,0,8,460,0,0,0,2,0,14170,3777,178,0,0,0,0,3,27,0,0,2,1377,2538,143030,0,8283,5,5,91,170,30,23,0,1668,0,8678,0,12844,4,0,0,0,0,0,3710,0,0,0,0,128,0,31566,0,0,1220,0,164,133,8569,135982,0,137,2,1175,0,70,0,12,57,0,193,0,0,0,0,0,0,570,28,0,7,367,0,0,169,61,0,225,0,35,0,1,0,0,0,0,9,0,0,0,4558,7934,0,200,89,0,39,11,3,0,564,2421,0,5,42,0,6478,0,28,0,0,0,0,0,0,631,0,2,3258,387,7301,0,0,0,0,0,0,0,0,1,16372,0,0,2331,0,17929,0,53,0,0,0,0,685,0,0
0,0,0,0,0,2866,0,169,0,0,1205,0,0,0,491,0,0,0,31794,0,0,0,0,0,0,0,9,0,12,31,0,0,4,16,0,0,0,0,0,0,893,0,0,14,0,0,17,0,0,620,0,0,0,0,0,0,0,0,0,0,0,0,0,0,0,0,0,0,0,0,0,0,0,0,0,8,0,0,0,0,0,90606,0,0,0,1139,0,0,0,0,0,0,0,0,0,10,0,0,0,0,0,0,0,3,0,13,0,12,0,0,0,0,0,0,0,0,0,0,3390,202,0,0,0,0,0,0,0,0,0,0,0,0,0,0,0,0,0,0,0,0,0,0,0,0,0,0,111,228,202,0,0,0,0,0,0,0,0,0,194,0,0,165888,0,0,0,0,0,0,0,0,87,0,0
0,936,0,0,0,0,481,101,0,23855,3050,0,0,0,2,0,0,0,0,0,0,8,0,0,0,45,328,2303,546,3,0,0,0,7451,9934,0,0,0,0,8,7,638,0,208,0,0,0,19,88,1,24,413,0,2244,25,1854,0,107,0,0,0,0,30,0,0,0,0,0,0,8,0,0,22,0,0,3,0,313,0,0,0,0,809,0,0,0,0,0,0,0,0,0,0,0,0,12,0,0,0,0,0,0,1,0,0,0,0,0,0,21,0,0,1236,0,181,0,0,0,376,268,0,0,0,0,0,0,0,0,0,13,0,0,0,0,26,0,0,0,0,0,0,0,0,0,0,0,0,0,368,84,4,43,0,0,0,0,0,0,2,0,18888,0,0,252,0,0,0,0,0,0,3789,29,0
0,0,0,2776,15,255,6343,360,0,0,408,0,0,0,71,213,1,0,9,2,4,703,0,0,0,0,76,11512,740,52,11,0,0,44,65,28,0,0,4,234,219,5786,0,449,7,1683,72,8102,452,1,15,383,0,764,0,12976,0,0,575,0,0,0,127,15,0,3,0,3,0,221,402,530,126,2,13427,9,0,504,0,6796,46,0,0,0,0,5,2999,0,7698,0,0,0,170,0,0,3,0,1,73,0,0,0,31,0,0,16,0,0,0,0,0,0,0,2,4,0,0,0,990,734,0,1115,2450,0,40,9,210,0,88,2,0,5662,2205,0,265,0,0,0,134,3,0,0,0,1,0,0,31,3,5311,0,824,0,1,0,0,0,0,18,60128,0,0,214,0,41962,0,482,0,0,0,13,415,0,0
0,266,0,27,0,0,2741,149,0,588,1213,0,0,0,9,2,0,0,0,0,0,10,0,0,0,43,8870,2214,395,3,0,0,2018,14691,0,0,0,0,0,119,20,238,0,149,0,105,0,4002,1,1,84863,947,0,1077,0,2750,0,2,0,0,0,0,102,0,0,0,0,10,0,18,0,0,28,0,0,0,0,392,0,2,0,0,311,0,0,0,790,0,0,0,0,0,0,0,0,3,0,0,0,0,0,0,2,0,0,54,0,0,0,20,0,0,10,0,70,0,0,0,311,1759,0,0,3981,0,0,0,2,0,18,27,0,0,13,0,65,2,5,0,0,0,0,0,0,0,0,0,0,12,1434,4,90051,1,0,0,0,0,0,0,119,0,5617,0,0,4779,0,0,0,0,0,663,3028,0,0
0,0,0,46,14,2,295,187,0,0,1983,4,178,0,15,3,1,0,0,0,5,183,0,0,0,0,71,2541,1094,45,4,1080,279,0,5148,5,0,527,1,7,45,2033,0,83,4,0,16,161,4835,2,0,145,0,33722,3067,893,0,28,4979,9174,1979,32,169,1,0,1,0,3,2,21,0,0,9,0,0,13,73,26805,0,0,17,69,0,0,0,7,15,0,0,47,0,0,0,0,0,29,0,0,755,0,10,0,105,0,139,1,0,1,0,0,0,1,0,0,18,36,46,31,396,143,0,13,0,0,5,3,1,0,59,965,0,0,2,51,87,0,0,0,0,1,0,97,0,4,0,0,5,0,414,0,6,226,0,0,0,0,0,202,118,0,0,4,0,16956,0,7,1,1,0,0,1417,33,0
0,0,0,0,0,0,14688,62,0,0,70,0,0,0,6,0,0,0,0,0,0,24,0,0,0,0,0,1842,384,26,0,0,0,0,0,0,0,0,0,7,23,577,0,157,0,0,0,21,72,1,0,91,0,195,0,5894,0,0,0,0,0,0,4,0,0,358,0,0,0,7,0,0,11,0,0,7,0,61,0,0,175,0,0,0,0,0,0,0,0,0,0,0,0,0,0,0,0,0,0,0,0,0,1,0,0,7,0,0,0,0,0,0,0,5923,0,0,0,0,553,180,0,654,0,0,8,0,33,0,0,4,0,0,0,0,14,0,0,0,0,0,0,0,0,0,0,0,0,0,35,0,0,0,0,0,0,0,0,0,47,0,0,0,0,5129,0,1,413,0,0,0,227,0,0
0,0,0,0,1,0,5586,62,0,0,4,0,0,0,12,0,0,0,0,0,2,18,0,0,0,2,0,359,120,14,13,0,0,0,0,3,0,0,0,7,7,55,0,18,0,0,2,2,11,1,0,28,1385,26,0,1316,0,0,0,0,0,0,13,1,0,35,0,3,0,5,0,0,11,0,0,7,2,55,0,0,101,2,0,0,0,40,9,0,0,0,0,0,0,0,0,0,0,4,0,0,0,0,18,0,0,14,0,0,0,0,0,0,0,24,1,0,0,0,50,10,0,711,27,0,3,1,13,553,2,3,0,0,7,0,7,0,40,0,0,87,0,0,0,1,0,0,1,1,26,0,0,0,3,0,0,0,0,0,9,0,0,1,0,524,0,1,1,274,31,0,53,2,0
0,0,0,11,0,2,1183,110,0,0,567,0,0,0,3,0,0,0,2,0,0,52,0,0,0,0,0,894,146,7,0,87,19,0,3,0,0,4,0,3,14,1295,0,114,0,0,3,20,7,0,0,87,0,292,0,6630,0,934,3036,14,100,0,33,0,0,0,0,0,0,14,0,0,37,0,0,5,1,385,0,0,1,19,0,0,0,2,5,0,0,0,0,0,0,0,0,0,0,0,4,0,0,0,9,0,0,0,0,0,0,0,0,0,0,0,56,0,679,0,639,170,0,3,0,0,1,0,0,0,1,16,0,0,2,0,6,0,0,0,0,0,0,0,0,0,0,0,1,0,310,2,0,18,0,0,0,0,0,0,8,0,0,13,0,11993,0,0,0,0,0,0,194,0,0
0,0,0,0,0,0,1034,19,0,0,132,0,0,0,0,0,17,0,0,2108,12,56,0,0,0,0,0,7507,178,125,0,0,0,0,0,44,0,0,58,3,19,310,0,20,30,0,157,34,1250,1,0,34,0,103,0,137,0,0,0,0,0,0,3,4080,0,0,727,0,0,3,0,0,2,0,0,6,0,1498,11,0,2,7,0,0,0,0,0,0,0,0,0,0,0,0,0,0,0,0,0,0,0,0,1820,0,0,0,0,0,0,0,0,0,0,0,0,0,0,0,54,60,0,0,0,0,651,5,0,0,0,13,0,0,0,0,3,0,0,0,0,0,0,0,0,0,0,0,0,0,458,0,0,0,0,0,0,0,0,0,3,0,0,1,0,220272,0,40,0,0,0,0,0,0,0
0,0,0,0,0,4,0,31882,0,0,1931,0,0,0,775,0,0,226,44,0,0,37,0,0,0,0,1,1317,17468,2,0,0,0,0,0,0,0,0,0,240,695,11890,0,137,0,0,0,0,6,2,0,426,0,0,0,179,0,0,0,0,0,0,0,0,0,0,0,6606,0,14664,0,0,0,0,0,9,0,655,0,0,0,101,0,0,0,2,0,0,0,0,0,0,0,0,0,710,0,0,0,0,0,0,13,3678,0,104,0,1376,0,0,0,0,0,0,0,0,0,0,19,1103,0,205,0,0,3,0,0,0,83,2,0,0,0,19,224,0,0,0,0,0,0,0,0,0,0,0,492,7850,2583,0,0,0,0,0,0,0,0,0,649,0,0,202,0,4304,0,0,0,0,0,0,654,0,0
0,3091,0,0,0,0,0,0,0,0,3,0,0,0,0,0,0,0,0,0,0,12,0,0,0,0,29,1,13,5,0,0,0,0,0,0,0,119,0,0,0,0,0,0,0,0,0,0,0,0,0,0,0,11,0,88,0,0,0,0,0,473,0,0,0,0,0,0,0,0,0,0,0,0,0,0,0,6,0,0,0,0,0,0,0,0,0,0,0,0,0,0,0,0,0,2,0,0,0,0,0,0,0,0,0,0,0,0,0,7,0,0,0,0,2,0,0,0,15,0,0,0,0,0,0,0,0,0,0,1744,0,0,0,0,0,0,0,0,0,0,0,0,0,0,0,0,0,0,0,0,0,0,0,0,0,0,0,0,0,0,0,0,0,14,0,0,0,0,0,0,8,0,0
0,0,0,0,0,0,54,4,0,0,592,0,0,0,0,0,0,0,0,0,0,51,7,0,0,0,0,98,21,3,0,0,0,0,0,0,0,0,0,1,3,0,0,3,1,0,0,0,5,0,0,0,0,1231,0,48,0,0,0,0,0,0,0,0,958,0,0,0,0,0,0,0,0,0,0,0,0,4,0,0,0,0,0,0,0,0,0,0,0,0,0,6,0,0,0,0,0,0,0,0,0,0,0,0,0,0,0,0,0,0,0,0,0,0,0,0,0,0,4345,1,0,0,0,0,0,0,0,0,0,0,0,0,0,0,0,0,0,0,0,0,0,0,0,0,0,0,0,0,7,0,0,0,0,0,0,0,0,0,0,0,0,0,0,0,0,0,0,0,0,0,0,0,0
0,0,0,0,0,0,0,3069,0,0,1386,0,0,0,44,0,0,0,6,0,0,10,0,0,0,0,0,83,1029,14,0,0,0,0,0,0,0,0,0,6,23816,3296,0,354,0,0,5,0,0,2,0,77,0,0,0,104,0,0,0,0,0,0,0,0,0,0,0,27,0,385,0,0,0,0,0,0,0,0,0,0,0,0,0,0,0,0,0,0,0,0,0,0,0,0,0,103,0,0,0,0,0,0,20,4,0,13,0,3,0,0,0,0,0,0,0,0,0,0,194,1242,0,0,0,0,2,0,0,0,48,1,0,0,0,0,292,0,0,0,0,0,0,0,0,0,0,0,0,171,156,0,0,0,0,0,0,0,0,0,34,0,0,0,0,0,0,0,0,0,0,0,42,0,0
0,0,1,1,0,4,6,2514,0,0,93,0,0,0,72,0,0,5,1,0,0,19,0,0,0,1,4,65,1695,25,0,0,0,0,1,0,0,0,0,4,268,3703,0,42,0,0,7,3,22,3,0,49,0,24,0,95,0,0,0,0,0,0,0,0,0,0,0,232,1,44,0,0,0,0,0,1,1,113,0,0,1,395,0,0,0,0,0,0,0,0,0,0,0,0,0,86,0,0,2,2,0,0,6,24,0,5,0,242,0,0,0,0,0,0,7,0,0,0,36,105,0,1,0,0,1,0,0,0,81,9,0,0,0,39,402,0,0,0,0,0,0,0,0,524,0,0,104,0,93,0,0,0,0,0,0,0,0,4,623,0,0,5,0,161,0,0,0,0,0,0,41,0,0
0,0,0,0,0,3,2482,2703,0,0,587,0,0,0,264,0,6,0,721,0,21,226,0,0,0,130,5,1660,3628,1120,0,0,3,14,0,16,0,0,0,215,412,8457,0,3220,6,0,185,58,642,472,0,24738,0,712,0,4967,0,0,0,0,0,0,176,9,0,0,2,482,1,425,0,0,50,0,0,333,23,634,0,0,488,506,0,0,0,0,0,0,0,0,0,0,0,0,0,957,23,0,0,1,0,0,103,53,0,135,0,34,0,0,0,0,0,0,32,0,0,0,765,10925,0,168,0,0,47,7,5,0,314,124,0,0,0,42,1380,0,0,0,0,0,0,0,1,150,0,0,146,61,0,0,0,0,0,2,0,0,0,1,4754,0,0,56,0,3012,0,0,0,0,0,0,271,0,0
0,0,0,0,0,0,0,0,0,0,0,0,0,0,0,0,0,0,0,0,0,0,0,0,0,14,0,0,0,2,0,0,0,0,0,0,0,0,0,0,0,0,0,0,0,0,0,0,0,0,0,2,0,0,0,0,0,0,0,0,0,0,0,0,0,0,0,0,0,0,0,0,0,0,0,0,0,0,0,0,0,0,0,0,0,0,0,0,0,0,0,0,0,8,0,0,0,0,0,0,0,0,0,0,0,0,0,0,0,0,0,0,0,0,0,0,0,0,0,0,0,0,0,0,0,0,0,0,0,0,0,0,0,0,0,0,0,0,0,0,0,0,0,0,0,0,0,0,0,0,0,0,0,0,0,0,0,0,0,0,0,0,0,0,0,0,0,0,0,0,13967,0,0
0,3,0,0,0,0,0,1,0,0,34,6,0,0,0,0,0,0,0,0,0,0,0,0,0,0,1449,31,19,3,0,0,5560,14997,472,0,0,0,0,0,0,19,0,1,0,0,0,14,7,0,0,1,0,149,0,13,0,0,0,0,0,0,0,0,0,0,0,0,0,1,0,0,0,0,0,0,0,16,0,0,0,0,0,0,0,0,0,0,0,0,0,0,0,0,0,0,0,0,0,0,0,0,0,0,0,0,0,0,0,0,0,0,0,0,0,0,0,0,0,0,0,0,0,0,0,0,0,0,0,0,0,0,0,0,13,0,0,1325,0,0,0,0,0,0,0,0,13,3,4,0,0,1,0,0,0,0,0,0,0,0,0,0,0,0,0,0,0,0,0,0,0,0,0
0,2,0,5,1,0,108,78,0,0,1581,8607,0,0,1,0,0,0,0,0,0,8,0,0,0,0,21,715,622,15,0,0,50,148,775,0,0,0,0,0,9,4708,0,39,0,0,1,1,81,0,0,49,0,4728,1130,431,0,17950,556,0,0,23,3,0,0,0,0,0,0,5,0,0,19,0,0,5,4,1194,0,0,2,5,0,0,0,1,1,0,0,0,0,0,0,0,0,1,0,0,2,0,2,0,8,0,0,0,0,0,0,0,0,0,0,0,1,0,15415,0,214,37,0,1,0,0,0,0,0,0,2,29,0,0,0,2,3,0,0,0,0,0,0,1,0,0,0,0,0,0,106,0,1,0,1,0,0,0,0,2,8,0,0,0,0,26,0,0,0,0,0,0,6,0,0
17,0,2,3485,13,2,26664,2816,0,0,1675,0,0,0,32,289,2,0,2,1,4,360,0,3205,0,14,9,6969,9595,83,5158,0,0,0,4,3,0,0,2,153,470,36719,0,5868,3,0,23,463,954,10,0,7946,1,6102,0,18774,0,0,0,0,0,2,132,3,0,5388,0,9,2,377,3738,65,166,0,0,544,17,3795,0,6,20776,456,0,0,4661,9392,1398,347,2,0,0,0,10,0,0,103,3,306,3,0,3,0,244,0,0,73,0,1,0,0,0,4,0,3602,43,0,0,0,6051,9992,0,3307,205,10,68,6,107,0,74,124,0,1,1289,18,321,0,528,0,0,8343,0,0,0,4,0,1,54,121,18517,1,0,0,0,1,0,0,1,2,324,0,1,40,1,95634,0,21,5812,1,0,0,655,5,0
0,0,0,0,0,275,11,39,25,0,101,0,0,0,51,0,0,0,1734,0,0,0,0,0,0,0,1,20,16,4,0,0,0,0,0,0,0,0,0,0,38,2451,0,2,0,0,1,2,17,61,0,18,0,0,0,5,0,0,0,0,0,0,0,0,0,0,0,0,0,0,0,0,0,0,0,1,0,0,0,0,0,19130,0,0,0,255,0,0,0,0,0,0,0,0,0,0,0,0,0,0,0,0,0,0,0,1,0,1,0,0,0,0,0,0,0,0,0,0,179,14,0,0,0,0,0,0,0,0,4,0,0,0,0,25,83040,0,0,0,0,0,0,0,0,0,0,0,5,11,76,0,0,0,0,0,0,0,0,0,113,0,0,9717,0,344,0,0,0,0,0,0,11,0,0
11,16,0,7,4,0,14180,25,0,0,27,0,0,0,3,1,1,0,0,0,1,150,0,11,0,3,0,403,97,21,166,0,0,0,1,1,0,10,0,10,10,241,0,24,0,5,4,10,60,0,0,25,1,88,0,2766,0,0,0,0,0,0,265,1,0,413,0,4,0,6,21453,15,11,0,0,2,4,202,0,0,310,0,0,0,0,273,149,0,3,0,0,0,0,0,0,21,0,22,0,0,0,0,26,0,0,15,0,0,0,3,0,1,0,1260,4,0,0,0,284,37,0,116,542,0,6,1,173,18,4,2018,0,0,35,2,23,0,1565,0,0,534,0,0,0,1,0,2,2,2,41,0,0,0,16,0,0,0,0,0,12,0,0,5,0,1543,0,2,32,0,0,0,109,4,0
0,0,0,0,0,0,2078,2,0,0,0,0,0,0,0,0,0,0,0,0,0,0,0,0,0,0,0,17,0,141,0,0,0,0,0,0,0,0,0,0,0,0,0,8,0,0,0,0,0,0,0,2,78,9,0,44,0,0,0,0,0,0,0,0,0,0,0,0,0,0,0,0,0,0,0,0,0,3,0,0,0,0,0,0,0,0,0,0,0,0,0,0,0,0,0,0,0,0,0,0,0,0,0,0,0,0,0,0,0,0,0,0,0,0,0,0,0,0,0,0,0,2844,0,0,0,0,0,0,0,0,0,0,0,0,0,0,0,0,0,0,0,0,0,0,0,0,0,0,9,0,0,0,0,0,0,0,0,0,0,0,0,0,0,3115,0,0,0,4,0,0,0,0,0
0,0,0,0,0,0,98,12,0,0,0,0,0,0,0,0,50,0,0,0,0,23,163,0,0,0,0,4267,48,5,0,0,0,0,0,0,0,0,0,2,5,122,0,8,0,0,9,0,5,0,0,19,0,0,0,1299,0,0,0,0,0,0,0,0,136,0,0,0,0,0,0,0,0,0,0,0,0,4,0,0,0,0,0,0,0,0,0,0,0,0,0,70,0,0,0,0,0,0,0,0,0,0,0,0,0,3,0,0,0,0,0,0,0,0,0,0,0,0,0,8,0,0,0,0,13,0,0,0,0,0,0,0,0,0,0,0,0,0,0,0,0,0,0,0,0,0,0,0,0,0,0,0,0,0,0,0,0,0,0,0,0,0,0,4278,21,0,0,0,0,0,4,0,0
0,0,0,0,0,0,72,783,0,0,1708,0,0,0,30,0,0,0,0,0,0,14,0,0,0,0,0,1463,2238,6,0,0,0,0,0,0,0,0,0,5,321,7864,0,111,0,0,0,90,11,2,0,289,0,22384,0,716,0,0,0,0,0,0,14,0,0,0,0,0,0,74,0,0,1,0,0,11,544,9271,0,0,0,0,0,0,0,0,7,0,0,0,0,0,0,0,0,37,0,0,499,0,0,0,0,0,0,87,0,0,0,0,0,0,0,0,0,0,0,0,369,177,0,0,0,0,0,0,0,0,61,17,0,15,0,973,93,0,0,0,0,0,0,0,0,4,0,0,45,18,947,0,0,0,0,0,0,0,0,0,121,0,0,0,0,2253,0,0,0,0,0,0,25,0,0
0,0,0,0,0,0,0,0,0,0,0,0,0,0,0,0,0,0,0,0,0,0,0,0,0,0,0,0,0,0,0,0,0,0,0,0,0,0,0,0,0,0,0,0,0,0,0,0,0,0,0,1,0,0,0,0,0,0,0,0,0,0,0,0,0,0,0,0,0,0,0,0,0,0,0,0,0,0,0,0,0,0,0,0,0,0,0,0,0,0,0,0,0,0,0,0,0,0,0,0,0,0,0,0,0,0,0,0,0,0,0,0,0,0,0,0,0,0,0,0,0,0,0,0,0,0,0,0,0,0,0,0,0,0,7,0,0,0,0,0,0,0,0,0,0,0,0,0,0,0,0,0,0,0,0,0,0,0,0,0,0,2,0,0,0,0,0,0,0,0,0,0,0
4,599,1,70,1,1,3361,221,0,12102,2142,17,0,0,30,6,1,0,0,0,3,200,0,0,0,2182,236,12928,1100,48,4,0,0,8467,1025,1,36,1,1,110,44,765,0,806,1,0,6,100,223,4,7,654,0,2790,26,21468,0,16,0,0,0,0,214,1,0,1,0,4,0,38,0,3,103,0,0,31,9,1206,0,0,12,121,6180,0,0,23,50,0,0,0,0,0,0,82,0,8,0,0,60,0,11,0,52,0,0,2,0,0,0,4196,0,3,5983,5,974,0,0,0,831,960,0,57,68,5,2,0,11,6,51,3777,0,1,27,12,346,4316,55,3,0,16,0,0,0,2,0,0,4,1,1959,360,31,7,0,0,0,0,1,1,236,0,26248,2,1,30614,0,0,2,0,0,0,32310,2325,263
4,0,1,48,2,3,1739,170,0,309,241,0,0,0,11,4,7,0,10,0,1,64,0,0,0,882,326,5937,473,22,4,0,0,7201,3,1,0,0,2,19,33,1485,0,711,1,2,7,116,89,2,1033,198,0,243,0,28206,0,0,0,0,0,1,56,1,0,4,0,2,0,26,0,110,55,0,0,31,9,444,0,0,54,162,35254,0,0,28,36,0,0,0,0,0,0,111,0,5,0,1,1,0,1,0,45,0,0,4,0,0,0,0,0,1,1,3,257,0,0,0,847,783,0,27,144,3,2,0,1,0,39,21,0,1,18,11,85,7390,42,68,0,16,0,0,0,1,0,1,3,1,2450,40,2282,0,1,0,0,0,1,1,49,0,0,63,1,21914,0,1,2,0,0,12,11791,107,0
0,0,0,0,0,338,0,1,0,0,222,0,0,0,106,0,0,0,10139,0,0,0,0,0,0,0,0,0,0,7,0,0,0,0,0,0,0,0,0,0,0,0,0,0,0,0,3,0,0,0,0,255,0,0,0,0,0,0,0,0,0,0,0,0,0,0,0,0,0,682,0,0,0,0,0,5,0,0,0,0,0,8802,0,0,0,0,0,0,0,0,0,0,0,0,0,3,0,0,0,0,0,0,4,0,0,2,0,0,0,0,0,0,0,0,0,0,0,0,74,335,0,0,0,0,0,0,0,0,0,0,0,0,0,0,233405,0,0,0,0,0,0,0,0,0,0,0,288,50,350,0,0,0,0,0,0,0,0,0,15,0,0,0,0,0,0,0,0,0,0,0,67,0,0
0,2,1,0,15811,1,1087,70,0,0,63,0,0,0,11,0,4,0,5,0,92,6721,0,0,0,4,1,1165,257,1894,7,0,0,0,0,64,0,1,12,2,17,673,0,31,28,0,328,2,32,1,0,36,0,105,0,131,0,0,0,0,0,1,5,30,1,0,6,2,95,8,0,0,2,0,0,1,294,320,0,0,8,87,0,0,0,0,0,0,0,0,0,0,0,0,0,21,0,0,3,0,0,0,695,0,0,2,0,0,0,0,0,0,0,0,7,0,0,0,88,89,0,18,0,0,157,53,0,0,16,26,0,0,0,61,67,0,0,0,0,0,0,0,7,0,0,1,5,0,101,0,0,0,0,0,0,0,0,1,59,0,0,1,0,2585,0,260,0,0,0,0,235,0,0
0,0,264,1,208,920,25100,12406,9,0,7071,0,0,0,1936,0,1970,1,5726,847,334,8932,172,0,0,299,223,59620,17166,6600,1593,0,0,0,45,1541,0,36,0,521,4971,61083,0,3287,2020,16,7781,648,3597,320,0,4775,0,3420,0,24397,0,34,0,0,0,0,584,1600,265,42,398,1280,520,1463,0,0,706,0,0,388,1596,4380,331,0,20617,52321,0,0,0,16128,0,0,0,0,0,102,0,37,0,1135,31,0,384,27,0,0,161307,145,0,269,0,138,13,0,0,11,0,0,448,0,0,0,12953,14126,0,2597,0,0,2451,226,205,0,2738,936,0,173,0,551,49811,0,0,0,0,1528,0,0,244,250,0,0,5619,368,4936,86,0,0,0,29,0,4,799,170,19982,0,0,24896,521,0,29,133,527,0,0,0,5890,429,0
0,0,0,0,0,0,0,2,0,0,0,0,0,0,0,0,7,0,0,0,0,5,451,0,0,0,0,1275,0,2,0,0,0,0,0,0,0,0,0,0,0,0,0,0,0,0,0,0,0,0,0,0,0,1,0,679,0,0,0,0,0,0,0,0,69,0,0,0,0,0,0,0,0,0,0,0,0,1,4,0,0,0,0,0,0,0,0,0,0,0,0,54,0,0,0,0,0,0,0,0,0,0,0,0,0,0,0,0,0,0,0,0,0,0,0,0,0,0,9,0,0,0,0,0,0,0,0,0,0,0,0,0,0,0,0,0,0,0,0,0,0,0,0,0,0,0,0,0,0,0,0,0,0,0,0,0,715,0,0,0,0,0,0,1857,0,0,0,0,0,0,0,0,0
0,11,3,8,1,5,1814,369,0,0,291,0,0,0,30,0,13,0,12,1,105,1582,2,0,0,4,1,5054,1438,3391,0,0,0,0,3,6962,0,1,58,19,94,3256,0,234,834,0,3412,61,10484,3,1,175,0,888,0,1973,0,0,0,0,0,0,99,80,599,0,12,18,1084,77,0,0,12,0,77,9,37,7893,0,61,38,220,0,0,0,5,4,0,70,0,0,16,0,0,0,69,3,0,8,1,0,0,6702,1,0,3,0,2,0,1,0,0,0,0,9,0,0,0,997,601,0,24,0,0,2415,280,0,0,32,4701,0,0,2,118,198,0,0,0,0,0,0,0,27,11,0,0,30,22,519,0,0,0,0,0,0,0,371,3,936,0,0,59,0,45165,0,0,0,0,0,0,310,0,0
0,0,0,0,0,0,12197,564,0,0,263,0,0,0,95,0,0,0,105,0,1,18,0,0,0,0,0,13720,1877,5,815,0,0,0,0,0,0,0,0,8,3310,16525,0,842,0,0,10,0,376,2,0,2664,0,2450,0,2231,0,0,0,0,0,0,0,0,0,0,0,0,0,210,0,0,0,0,0,120,0,230,0,0,33719,0,0,4,0,19127,0,0,0,0,0,0,0,0,0,17,0,0,0,0,0,0,40,0,0,0,0,0,0,0,0,0,0,4,0,0,0,0,485,825,0,591,0,0,7,0,0,0,303,4,0,0,0,42,3270,0,0,0,0,0,0,0,0,0,0,0,543,0,2065,0,0,0,220,0,0,0,0,0,5,0,0,3060,0,103804,0,0,0,0,0,0,30,0,0
0,0,0,0,0,0,0,0,0,0,0,0,0,0,0,0,0,0,0,0,0,0,0,0,0,0,0,0,0,0,0,0,0,0,0,0,0,0,0,0,0,0,0,0,0,0,0,0,0,0,0,0,0,0,0,0,0,0,0,0,0,0,0,0,0,0,0,0,0,0,0,0,0,0,0,0,0,0,0,0,0,0,0,0,0,0,0,0,0,0,0,0,0,0,0,0,0,0,0,0,0,0,0,0,0,0,0,0,0,0,0,0,0,0,0,0,0,0,0,0,0,0,0,0,0,0,0,0,0,0,0,0,0,0,0,0,0,0,0,0,0,0,0,0,0,0,0,0,0,0,0,0,0,0,0,0,0,0,0,0,0,0,0,0,0,0,0,0,0,0,0,0,0
0,0,0,0,0,0,6122,1,0,0,0,0,0,0,1,0,0,0,0,0,0,0,0,0,0,0,0,19,1,1,0,0,0,0,0,0,0,0,0,0,4,1,0,2,0,0,0,0,0,0,0,2,13,1,0,37,0,0,0,0,0,0,22,0,0,0,0,0,0,0,0,0,0,0,0,0,0,8,0,0,4,3,0,0,0,1,0,0,0,0,0,0,0,0,0,0,0,0,0,0,0,0,2,0,0,0,0,0,0,0,0,0,0,0,0,0,0,0,8,0,0,3694,0,0,0,0,0,0,0,0,0,0,0,0,1,0,0,0,0,0,0,0,0,0,0,0,0,0,0,0,0,0,0,0,0,45,0,0,1,0,0,0,0,2735,0,0,0,0,0,0,1,0,0
0,0,0,88,0,0,166,33,0,0,83,0,0,0,17,5,0,0,16,0,0,1,0,0,0,0,0,582,138,1,0,0,0,0,0,0,0,0,0,6,54,911,0,48,0,578,0,1708,46,0,137,45,0,97,0,4580,0,0,0,0,0,0,5,0,0,0,0,0,0,75,0,0,6,0,66,0,5223,62,0,723,1,0,0,0,0,0,9100,0,150,0,0,0,0,0,0,0,0,0,1,0,0,0,0,0,0,0,0,0,0,0,0,0,0,0,0,0,0,3,164,207,0,0,98,0,0,0,0,0,33,0,0,263,3954,0,273,0,70579,9,0,0,0,0,0,0,0,0,14,0,826,0,0,0,0,0,0,0,0,0,477,0,0,2,0,13030,0,0,0,0,0,0,32,0,0
0,2919,0,0,0,18,32699,1334,1,0,129,0,0,0,137,0,25,0,2,0,1,453,0,0,0,10337,26,7395,2581,10694,0,0,4,24,8,7,0,0,0,1150,254,4354,0,451,2,0,62,38,405,11,0,545,0,498,0,32670,0,0,0,0,0,0,423,1,0,0,0,74,1,73,0,0,486,0,0,23,786,708,0,0,0,2295,0,0,0,120,0,0,0,0,0,1,0,1397,0,60,0,0,4,3,0,0,130,0,0,60,0,4,0,1434,0,140,680,0,2398,0,0,0,1506,422,0,10454,0,0,11,5,30,0,155,1784,0,0,0,29,1122,0,0,0,0,0,0,0,0,21,0,0,65,16,566,4702,0,0,0,0,0,0,0,6,1615,0,0,12,0,15224,0,2,0,0,0,0,0,660,1609
0,9530,0,0,0,0,609,40,0,373,517,0,0,0,2,0,0,0,0,0,0,297,0,0,0,2950,79,527,372,10,0,0,0,332,494,1,0,6,0,18,19,180,0,95,0,0,3,4,4,0,1,157,0,303,1,2496,0,5,0,0,0,0,1,0,0,0,0,5,0,3,0,0,1,0,0,2,0,86,0,0,6,0,85,0,0,1,0,0,0,0,0,0,0,28,0,1,0,0,0,0,0,0,7,0,0,0,0,0,0,749,0,0,792,0,3154,0,0,0,62,100,0,59,0,0,0,0,0,0,5,3429,0,0,0,0,138,0,0,0,0,0,0,0,0,3,0,0,2,0,131,37,1,2,0,1,0,0,0,0,1,0,1319,0,0,5196,0,0,0,0,0,0,16835,0,1453
0,26,0,0,0,0,5407,70,0,0,26,0,0,0,12,0,4,0,0,0,0,82,1,0,0,7637,0,1456,275,47,2,0,0,0,0,0,0,0,0,73,28,10,0,113,0,0,2,6,17,2,0,62,0,51,0,14701,0,0,0,0,0,0,9,0,0,2,0,0,0,5,0,0,38,0,0,5,3,91,1,0,5,0,0,0,0,1,0,0,0,0,0,0,0,36,0,0,0,0,0,0,0,0,0,0,0,13,0,0,0,3036,0,1,1853,3,2964,0,0,0,80,84,0,443,15,0,1,0,0,0,21,1737,0,0,0,2,30,0,0,0,0,0,0,0,0,3,0,0,1,0,127,260,0,0,1,0,0,0,1,0,8,0,0,0,0,8387,0,0,1,0,0,0,174484,4110,0
