0,0,0,6878,9,0,30880,7370,195,0,2040,0,0,0,286,613,0,0,270,0,1,57,0,0,0,0,0,40922,3926,9,0,0,0,0,0,108,0,0,4,10,320,96318,0,10340,0,0,38,198,439,13,0,2735,0,4401,0,60757,0,0,0,0,0,0,6470,0,0,0,0,0,0,782,0,8387,145,2372090,311,6,2462,6567,0,142,0,0,0,0,0,0,1743,0,0,0,284,0,129,0,24,0,25,0,0,0,0,0,0,0,0,0,0,0,0,0,0,0,0,478,43,0,0,57,31153,8864,0,2314,0,1908909,0,0,1201,0,147,0,0,0,1356,0,4999,0,280395,0,0,0,0,0,0,0,0,0,126,5,14420,0,0,0,1,8900,0,0,0,0,11022,0,0,2105,0,56397,0,0,0,0,0,0,69,0,0
0,0,0,0,9,0,530,292,0,0,2425,0,0,0,6,0,0,0,0,0,5,6389,0,0,0,2672,0,2676,5715,34,0,0,2046,260002,31028,50,0,356,3,0,180,0,0,152,0,0,29,27,4005,3,0,362,0,19679,652,13988,0,0,0,0,0,0,9,0,0,0,0,0,0,80,0,0,470,0,0,40,0,1869,0,0,0,0,0,0,0,0,0,0,0,0,0,0,0,0,0,0,2,0,0,0,0,0,51,0,480,0,0,0,0,0,0,0,0,0,37063,0,0,0,7460,379,0,0,0,0,0,14,74,0,59,137826,0,0,0,0,501,0,0,0,0,0,0,0,0,0,404,0,20,0,716,106,0,0,0,0,0,0,0,0,0,1186,0,0,0,9897,0,178,0,0,0,0,29562,37106,0
0,0,0,0,66,0,2930,2690,0,0,3874,0,0,0,1086,0,0,0,0,0,1,0,0,0,0,0,0,13659,1709,15,0,0,0,0,0,46,0,0,4,296,264,17442,0,261,0,0,49,113,1807,7,0,193,0,6189,0,13075,0,0,0,0,0,0,446942,0,0,0,0,172,0,189,0,0,291,0,0,40,0,447510,0,0,0,0,0,0,0,0,0,0,0,0,267,0,0,0,0,197,7,0,0,0,0,0,0,70230,0,72,0,2015,0,0,0,0,0,0,0,0,0,0,897,438,0,0,0,0,0,0,114,0,131,44,0,0,0,707,230,0,0,0,0,0,0,0,0,478,0,0,76,104,1281,0,0,0,0,0,0,0,0,0,3276,0,0,0,0,68521,0,18,0,0,0,0,129,0,0
0,0,0,0,0,0,5230,150,0,0,0,0,0,0,58,5663,0,0,20,0,0,32,0,0,0,0,0,14912,371,3,0,0,0,0,0,38,0,0,0,162,33,0,0,324,0,0,0,672,225,7,0,82,0,725,0,10962,0,0,0,0,0,0,88,0,0,0,0,0,0,181,0,12432,197,0,287,2,0,370,0,471,0,0,0,0,0,0,21472,0,0,0,2462,0,1645,0,27,0,9,0,0,0,0,0,0,0,0,24,0,0,0,0,68,0,0,0,0,0,0,0,520,244,0,0,6529,0,0,0,425,0,130,0,0,10996,12533,0,349,0,0,0,0,0,0,0,0,25,0,0,55,0,742,0,0,0,0,0,0,0,0,0,43,0,0,0,0,9392,0,0,0,0,0,0,143,0,0
0,0,0,0,0,0,13770,1302,0,0,470,0,0,0,113,0,102,0,99,0,36671,28815,0,0,0,0,0,19104,7542,68235,0,0,0,0,0,2986,0,4,1446,89,103,17919,0,1120,1015,0,3712,235,282555,14,0,304,0,11968,0,10094,0,0,0,0,0,0,655,482,0,0,136,199,856,327,0,0,320,0,0,27,38148,73170,0,0,3181,0,0,0,0,0,0,0,0,0,0,0,0,0,67,26,22,0,0,0,0,0,14171,0,0,10,0,0,0,0,66,0,0,0,50,0,0,251,2844,811,0,1330,0,0,2172,10503,146,0,283,1165,58456,0,0,0,247,0,0,0,0,0,0,0,207,51,0,0,68,449,2868,0,0,0,0,0,0,0,0,0,138,0,0,0,22275,173385,0,9430,0,0,0,0,1876,0,0
0,0,0,0,559,0,1200,2609,155685,0,5138,0,0,0,1410,0,0,0,5779,0,4,52,0,0,0,0,0,3507,631,7,0,0,0,0,0,0,0,0,7,1254,2050,12189,0,628,0,0,26,151,10246,690,0,75,0,17642,0,1594,2137,0,0,0,0,0,14600,0,0,0,0,0,0,212,0,0,52,2504,0,5,0,1256,0,59,0,8597,0,2696,0,0,0,0,0,0,227,0,0,0,678,0,922,0,0,0,0,0,96,0,0,26,0,0,0,0,0,0,0,0,63,0,0,0,521,196,0,0,0,0,0,0,133,0,2183,89,0,0,0,2,517417,0,0,0,0,0,0,0,0,162,0,0,118,0,1672,0,0,0,0,204,0,0,0,0,785,0,0,47150,0,68809,0,32,0,0,0,0,0,0,0
0,0,0,0,274,0,0,2129,0,0,709,0,0,0,136,0,77,0,26,0,196,584,23,504,25,337,12,24641,6699,607,4542,0,0,0,0,205,0,0,66,3180,403,13429,0,2591,38,0,257,442,5593,63,0,1005,1832,7718,0,120868,0,27,0,0,0,0,20667,61,0,8903,0,1585,0,944,9796,688,6462,0,0,88,3167,19847,0,563,9756,0,0,0,129,4013,0,17,0,0,664,16,465,0,44,50,166,0,0,0,0,78,434,0,0,3939,0,122,189,0,0,0,0,5082,536,0,0,0,10021,1794,0,63086,0,0,237,546,3932,9056,942,1061,0,0,0,0,533,0,0,0,0,8706,298,0,26,691,0,0,222,426,3369,44,0,0,1310,0,517,0,0,0,2904,0,0,0,0,70996,0,140,32,612,346,0,5698,264,0
0,0,0,0,1019,0,20170,0,0,0,2540,0,0,0,194,0,37,211,56,0,137,2318,0,0,0,0,24,17180,55388,325,0,0,0,0,0,195,0,0,127,378,2213,249001,0,1779,197,0,376,568,8714,70,0,536,0,11610,0,19315,0,0,0,0,0,0,2302,0,0,0,0,5115,313,8121,0,0,767,0,0,146,4910,16328,0,262,569,0,0,0,0,0,0,0,0,0,667,0,0,0,60,634,142,0,0,0,0,19,501,0,0,103,0,245,13,0,0,0,0,0,609,0,0,36,6530,1307,0,1320,0,0,92,183,495,0,3930,445,0,0,0,715,2897,0,0,0,0,0,0,0,11,7160,0,0,2604,5938,5829,0,0,0,0,68,0,0,0,0,14180,0,0,0,0,53247,0,802,0,0,0,0,4264,0,0
0,0,0,0,0,142156,480,919,0,0,668,0,0,0,2064,0,0,0,13611,0,1,0,0,0,0,0,0,2963,492,2,0,0,0,0,0,0,0,0,3,38,687,18541,0,278,0,0,0,31,499,1600,0,87,0,3801,0,2783,4200,0,0,0,0,0,518,0,0,0,0,0,0,151,0,0,49,12128,0,7,13118,709,0,0,0,45483,0,5299,0,0,0,0,0,0,0,0,0,0,1031,0,2433,0,0,1086,0,0,0,0,0,0,0,0,0,0,0,0,0,0,0,0,0,0,594,368,0,0,0,0,0,0,0,0,276,58,0,0,0,0,752975,0,0,0,0,0,0,0,0,0,0,0,29,0,2107,0,0,0,0,177,0,0,0,0,16605,0,0,82025,0,16605,0,0,0,0,0,0,0,0,0
0,0,0,0,0,0,1880,83,0,0,1780,0,0,0,15,0,0,0,0,0,0,21,0,0,0,0,0,6688,496,1,0,0,0,37686,0,0,0,0,0,5,4,677,0,529,3,0,0,35,101,0,32,42,0,1725,99,4291,0,0,0,0,0,0,136,0,0,0,0,0,0,0,0,0,47,0,0,0,0,1007,0,0,0,0,4256,0,0,0,0,0,0,0,0,0,0,0,0,0,0,0,0,0,0,0,0,0,0,0,0,0,0,0,0,0,5314,0,389,0,0,0,2746,897,0,0,0,0,0,0,0,0,0,0,0,0,0,0,128,64931,0,0,0,0,0,0,0,0,0,0,0,0,2599,190,0,0,0,0,0,0,0,0,0,112009,21030,0,0,0,0,0,0,0,0,0,4729,3243,0
0,0,0,0,535,0,6530,2201,0,497,0,0,0,0,393,0,28,0,35,0,324,1679,0,0,0,0,0,20687,13822,514,0,0,0,0,0,406,0,10,288,279,431,33783,0,1768,243,0,588,528,41797,117,0,473,0,141648,295,25941,0,0,725,0,0,0,5236,0,0,0,18,373,0,1624,0,0,1603,0,0,106,5811,46385,0,164,697,0,0,0,0,0,0,0,0,0,599,0,0,0,205,12979,116,0,1064,0,0,0,847,0,0,155,0,0,0,0,60,103,0,0,184,0,0,41,49330,1306,0,0,0,0,231,569,524,0,5413,3017,0,0,0,914,463,0,0,0,0,0,0,0,50,223,0,0,666,398,1904,0,0,56,0,0,0,0,0,0,8656,0,46,0,0,33139,0,385,0,0,0,0,6287,0,0
0,0,0,0,0,0,60,68,0,0,509,0,3996,0,31,0,0,0,0,0,1,26,0,0,0,0,0,1947,482,1,0,52074,1921,0,11432,0,0,0,1,10,41,2071,0,55,0,0,0,35,420,0,0,6,0,18872,30722,603,0,13963,8306,0,0,0,8,0,0,0,0,0,0,26,0,0,33,0,0,0,0,2566,0,0,0,0,0,0,0,0,0,0,0,25,0,0,0,0,0,0,0,0,0,0,0,0,0,0,3741,0,0,0,0,0,549,0,0,0,156,17669,270089,0,263,18,0,0,0,0,0,0,0,0,0,29,0,0,0,0,93,0,0,0,3393,0,0,240,0,0,0,0,0,0,78,0,0,67665,0,0,0,0,0,0,0,0,0,0,0,0,0,0,0,0,0,0,154,0,0
0,0,0,0,11,0,10,104,0,0,522,8483,0,0,11,0,0,0,0,0,0,25,0,0,0,0,0,1311,549,1,0,1246597,0,0,0,0,0,0,0,0,12,1494,0,56,0,0,0,62,1111,0,0,7,0,8081,4115,212,0,48707,1690,0,0,0,81,0,0,0,0,0,0,0,0,0,9,0,0,1,0,11655,0,0,0,0,0,0,0,0,0,0,0,221,0,0,0,0,0,0,0,0,0,0,0,0,0,0,22174,0,0,0,0,0,0,0,0,0,71,19065,0,0,336,23,0,0,0,0,0,0,0,0,0,0,0,0,0,0,436,0,0,0,0,0,0,31,0,0,0,0,0,0,72,0,0,12075,0,0,0,0,0,0,0,0,0,0,0,0,0,0,0,0,0,0,0,0,0
0,0,0,919365,0,0,29590,2340,0,0,949,0,0,0,603,81920,0,0,0,0,24,45,0,1208,49,0,0,45838,1799,3,3492,0,0,0,0,0,0,0,3,694,118,7324,0,708,0,0,0,239,10533,12,0,1414,1326,4618,0,204858,0,0,0,0,0,0,10027,0,0,435,0,0,0,68,0,3289037,3164,0,0,0,0,97019,0,26192,10175,0,0,0,0,8664,257626,0,3619,0,1109,0,658,0,0,20,8,0,0,0,0,39774,49,0,0,14,1065,0,0,0,0,7235,0,343000,32,0,0,0,1121,718,243,1463,108861,0,35,0,156,0,103,1297,0,0,169370,10,463,0,808485,0,0,68502,0,0,6,0,0,0,0,0,6289,0,0,0,1299,0,127,0,0,0,325,0,149,0,0,151639,0,0,6540,0,0,0,2107,0,0
0,0,0,0,294,0,3600,13452,0,0,13105,0,0,0,0,0,19,0,58,0,21,236,0,0,0,0,0,17302,5068,56,0,0,0,0,0,79,0,0,70,6569,6171,101822,0,2853,70,0,134,65,145061,78,0,1164,0,16295,0,46176,0,0,0,0,0,0,74491,0,0,0,0,303,0,2102,0,0,1932,0,0,138,16128,57681,0,113,0,4008,0,0,0,0,0,0,0,0,0,0,0,0,83,576,538,0,0,134,0,0,246,990,0,842,0,70,13,0,0,0,0,0,30,0,0,57,13412,2055,0,0,0,0,62,63,0,0,1794,4568,0,0,0,18358,5731,0,0,0,0,0,0,0,0,1161,0,0,1808,515,6652,0,0,0,0,0,0,0,0,0,475652,0,0,1727,0,59180,0,134,0,0,0,0,3112,0,0
0,0,0,1679,12,0,1340,18,0,0,2,0,0,28523,8,0,0,0,0,0,0,26,0,0,0,0,0,2137,262,2,0,0,0,0,0,0,0,0,1,115,16,0,0,81,20,0,0,378,43,1,0,16,0,149,0,5573,0,0,0,0,0,0,24,0,0,0,0,0,0,14,0,0,80,0,0,1,0,50,0,958,0,0,0,0,0,0,847,0,132,0,859,0,393,0,0,0,0,0,0,0,0,0,0,0,0,0,0,0,0,0,0,0,0,0,49,0,0,0,104,25,0,0,393,0,0,0,110,0,0,0,0,8640,659,0,0,0,0,0,0,0,0,0,0,0,0,0,0,0,70,0,0,0,0,0,0,0,0,0,0,0,0,0,0,0,0,0,0,0,0,0,131,0,0
0,0,0,0,0,0,260,19,0,0,2,0,0,0,4,0,0,0,0,0,0,15,47,0,0,0,0,1933,111,1,0,0,0,0,0,0,0,0,12,0,0,0,0,14,37,0,33,14,53,0,0,8,0,42,0,1844,0,0,0,0,0,0,23,0,13,0,0,0,0,7,0,0,26,0,0,4,0,93,677,0,0,0,0,0,0,0,0,0,0,0,0,13,0,0,0,0,0,0,0,0,0,0,0,0,0,0,0,0,0,0,0,0,0,0,50,0,0,78,54,14,0,0,0,0,0,0,0,0,0,0,0,0,0,0,0,0,0,0,0,0,0,0,0,0,0,0,0,0,27,0,0,0,0,0,0,0,0,0,0,0,0,0,0,28789,0,0,0,0,0,0,0,0,0
0,0,0,0,0,0,39750,132666,0,0,1703,0,0,0,103,0,0,0,0,0,9,68,0,0,0,0,0,35419,48965,7,0,0,0,0,0,0,0,0,0,73,2574,193179,0,18889,5,0,0,59,2162,2,0,612,0,12886,0,7540,0,0,0,0,0,0,450,0,0,0,0,402318,0,388,0,0,627,0,0,147,0,11104,0,137,0,0,0,0,0,0,0,0,0,0,292,0,0,0,0,1587,6,0,0,0,0,0,0,8043,0,153,0,34300,0,0,0,0,0,0,0,0,0,0,757,12989,0,0,0,0,0,0,0,0,3606,37,0,0,0,0,505,0,0,0,0,0,0,0,0,343743,0,0,324,111632,56183,0,0,0,0,0,0,0,0,0,2341,0,0,0,0,114726,0,22,0,0,0,0,151,0,0
0,0,0,0,303,410,1850,1425,481,0,1410,0,0,0,603,0,0,0,0,0,4,8,0,0,0,0,0,10429,1017,3,0,0,0,0,0,0,0,0,5,362,3852,24681,0,647,0,0,0,262,3530,12796,0,229,0,3143,0,4215,8929,0,0,0,0,0,1489,0,0,0,0,93,0,233,0,0,598,0,0,41,22417,32377,0,0,0,65001,0,11267,0,0,0,0,0,0,675,0,0,0,41370,28,54799,0,0,3669,0,0,0,0,0,27,0,0,0,0,0,0,0,0,0,0,0,0,198,683,0,0,0,0,0,0,0,0,78747,834,0,0,0,0,749972,0,0,0,0,0,0,0,0,138,0,0,177,112,2049,0,0,0,0,710,0,0,0,0,296,0,0,244715,0,53494,0,0,0,0,0,0,191,0,0
0,0,0,0,6,0,30,35,0,0,0,0,0,0,2,0,41,0,0,0,777,5,21,0,0,0,0,1923,54,1,0,0,0,0,0,0,0,0,137,0,0,0,0,11,0,0,0,0,25,1,0,2,0,8,0,1294,0,0,0,0,0,0,5,796,0,0,260,0,0,1,0,0,2,0,0,2,0,24,7,0,0,0,0,0,0,0,0,0,0,0,0,1,0,0,0,0,0,0,0,0,0,0,2312,0,0,0,0,0,0,0,0,0,0,0,0,0,0,23,0,0,0,0,0,0,73,0,0,0,0,0,0,0,0,0,0,0,0,0,0,0,0,0,325,0,0,0,0,0,0,0,0,0,0,0,0,0,0,0,0,0,0,0,0,46553,0,19,0,0,0,0,0,0,0
0,0,0,0,363142,0,890,435,0,0,300,0,0,0,21,0,0,0,0,0,0,38479,0,0,0,0,0,5071,2908,27728,0,0,0,0,0,764,0,0,364,12,70,5183,0,437,162,0,1051,0,216020,1,0,134,0,2909,0,3602,0,0,0,0,0,0,24,118,0,0,105,32,0,57,0,0,17,0,0,12,0,15695,0,0,0,0,0,0,0,0,0,0,0,0,0,0,0,0,0,0,0,0,0,0,0,0,1988,0,0,0,0,0,0,0,0,0,0,0,0,0,0,60,760,424,0,0,0,0,386,5293,34,0,50,188,1034,0,0,0,83,0,0,0,0,0,0,0,51,0,0,0,0,0,3762,0,0,0,0,0,0,0,0,0,0,0,0,0,0,77044,0,1888,0,0,0,0,129,0,0
0,0,0,0,42283,0,16550,4434,0,0,5208,0,0,14109,87,0,112,0,89,0,22066,0,0,0,0,0,0,26258,40405,11100,64552,0,0,0,0,2181,0,275,536,63,304,61764,0,3017,611,0,1825,123,132649,62,0,1026,0,53069,0,49898,0,11,870,0,0,0,2265,209,1821,0,169,192,0,508,0,0,10075,0,0,106,8661,104189,0,238,230552,0,0,0,0,0,0,0,0,0,227,12,0,0,70,195,37,0,0,0,0,0,4532,0,0,90,0,0,0,0,159,0,0,0,534,0,0,114,13429,3605,0,2728,0,0,1704,4495,160,0,270,118415,75523,0,0,5,425,0,0,0,609,0,0,0,232,87,0,4626,84,85,6005,0,0,0,0,0,188,0,0,0,339,0,0,0,10797,335505,0,5623,0,0,0,0,2321,0,0
0,0,0,0,7,0,430,18,0,0,6,0,0,0,4,0,220,0,0,0,0,27,0,0,0,0,0,15397,73,2,0,0,0,0,0,0,0,0,11,0,1,0,0,34,0,0,0,0,36,1,0,12,0,71,0,18045,0,0,0,0,0,0,11,0,229,0,0,0,0,5,0,0,18,0,0,2,0,50,545,0,0,0,0,0,0,0,0,0,0,0,0,736,0,0,0,0,0,0,0,0,0,0,0,0,0,0,0,0,0,0,0,0,0,0,0,0,0,0,67,20,0,0,0,0,28,0,0,0,0,0,0,0,0,0,0,0,0,0,0,0,0,0,38,0,0,0,0,0,115,0,0,0,0,0,0,0,1029,0,0,0,0,0,0,52759,340,23,0,0,0,0,24,0,0
0,0,0,0,1,0,3060,5,0,0,0,0,0,0,1,0,0,0,0,0,0,141,0,0,0,0,0,3939,48,0,0,0,0,0,0,0,0,0,0,5,0,0,0,4,0,0,0,65,23,0,0,0,0,45,0,5102,0,0,0,0,0,0,0,0,0,0,0,0,0,0,0,26333,16,0,0,0,0,32,0,57,0,0,0,0,0,0,0,0,0,0,0,0,0,0,0,0,0,0,0,0,0,0,0,0,0,0,0,0,0,0,0,0,0,5822,0,0,0,0,561,29,0,0,0,0,0,0,80,0,0,0,0,0,0,0,0,0,0,0,0,0,0,0,0,0,0,0,0,0,0,0,0,0,0,26,0,0,0,0,0,0,0,0,0,0,0,0,0,0,0,0,19,0,0
0,0,0,0,0,0,1720,21,0,0,101,0,0,0,28,0,0,0,0,0,0,0,0,0,0,0,0,2254,62,2,0,0,0,0,0,0,0,0,4,0,3,0,0,286,8,0,0,0,0,0,0,3,0,80,0,412,0,0,0,0,0,0,2,0,0,0,0,0,0,0,0,6894,7,0,0,0,0,35,0,0,0,0,0,0,0,0,0,0,0,0,0,0,229,0,0,0,0,0,0,0,0,0,0,0,0,0,0,0,0,0,0,0,0,0,0,0,0,0,194,233,73598,0,0,0,0,0,0,0,0,0,0,0,0,0,0,0,0,0,0,0,0,0,0,0,0,0,0,0,30,0,0,0,0,0,0,0,0,0,0,0,0,0,0,0,0,0,0,0,0,0,0,0,0
0,0,0,0,0,0,1140,22,0,0,10,0,0,0,27,0,13,0,0,0,0,0,0,0,0,0,0,602,63,3,0,0,0,0,0,0,0,0,0,10,75,0,0,71,0,0,0,0,0,0,0,12,0,38,0,3128,0,0,0,0,0,0,8,0,0,0,0,0,0,6,0,0,78,0,0,0,0,44,0,0,0,0,0,0,0,0,0,0,0,0,0,0,0,106,0,0,0,0,0,0,0,0,0,0,0,0,0,0,0,0,0,0,0,0,658,0,0,0,214,112,0,0,0,0,0,0,0,0,0,0,0,0,0,0,27,0,0,0,0,0,0,0,0,0,0,0,0,0,82,54,0,0,0,0,0,0,0,0,0,136,0,0,0,0,0,0,0,0,0,0,33112,918,3705
0,0,0,0,0,0,0,25,0,0,107,0,0,0,0,0,0,0,0,0,56,11,0,0,0,0,0,355,174,2,0,0,97713,0,24601,0,0,0,5,16,0,0,0,10,128,0,0,55,142,1,0,2,0,15456,0,153,0,0,0,0,0,0,402,0,0,0,0,0,0,7,0,0,8,0,0,0,0,238,0,0,0,0,0,0,0,0,0,0,0,0,0,0,0,0,0,0,1,0,0,0,0,0,0,0,1951,0,0,0,0,0,0,0,0,0,0,0,0,0,57,0,0,0,0,0,0,0,0,0,0,0,0,0,0,0,90,0,0,16064,0,0,0,0,0,0,0,0,0,3,80,0,75211,333,0,0,0,0,0,0,0,0,0,0,0,0,0,0,0,0,0,0,95,0,0
0,0,920,0,528,0,44540,2177,0,0,2773,0,0,0,232,0,1446,0,148,704,1185,1573,656,0,35,314,213,0,10526,1125,7498,0,143,0,0,919,0,0,1387,1606,544,19039,0,3549,1152,0,1610,596,5698,114,0,1521,0,23794,172,76921,0,230,1045,0,54,0,12887,345,341,14357,249,998,1156,2090,1938,1703,5211,0,0,236,7885,25536,1342,735,9995,0,0,0,47,13912,0,0,0,49,2528,243,247,0,36,155,148,0,0,0,0,70,10208,0,0,1699,0,66,125,0,50,32,0,0,188,0,0,234,9180,2800,0,9350,0,0,1540,1132,5480,232,3061,6417,2337,0,0,0,547,0,0,0,0,3814,0,34,235,627,0,0,363,425,3100,19,0,42,695,53,0,0,1716,0,1410,282,277,0,306,826000,163,1071,1205,0,11,0,4503,200,0
0,0,0,0,791,0,14080,13511,0,0,2084,0,0,0,156,0,283,0,27,0,566,2959,0,0,23,0,166,20192,0,630,0,0,0,0,0,634,0,13,662,403,448,81486,0,2513,990,0,1349,1282,63693,42,0,955,0,88072,0,19101,0,121,0,0,0,0,3779,134,0,711,44,2990,694,2224,0,0,541,0,0,148,3736,198136,0,449,1089,0,0,0,0,0,0,0,0,30,827,0,284,0,50,349,91,0,0,0,0,97,1460,0,0,97,0,202,17,0,0,92,0,0,428,0,0,78,6373,1879,0,3057,0,0,313,722,1017,0,1053,14276,0,0,0,83,569,0,0,0,0,0,0,0,57,2922,0,0,512,1503,3061,0,0,0,870,56,0,0,0,0,10256,0,0,0,0,40009,0,642,0,0,0,0,1555,0,0
0,0,0,0,184687,0,28270,1075,0,0,961,0,0,0,20,0,32,0,0,0,4063,15298,0,0,0,0,0,26030,6596,0,0,0,0,0,0,1889,0,0,1713,51,86,15411,0,1480,600,0,7797,26,64296,8,0,384,0,13314,0,6830,0,0,0,0,0,0,375,262,0,0,221,125,613,158,0,0,139,0,0,83,3283,12425,0,0,0,0,0,0,0,0,0,0,0,0,0,0,0,0,0,38,5,0,0,0,0,0,5267,0,0,0,0,0,0,0,0,0,0,0,32,0,0,117,3050,6336,0,1924,0,0,1544,6644,92,0,61,172,2161,0,0,0,104,0,0,0,0,0,0,0,220,0,0,0,22,30,28378,0,0,0,0,0,0,0,0,0,43,0,0,0,1406,90964,0,14945,0,0,0,0,529,0,0
0,0,0,0,12476,0,371590,15145,0,0,8627,0,0,168119,824,0,159,0,0,1661,968,19229,41,2012,858,3184,0,636401,15662,5743,0,0,0,0,695,1901,0,22,287,1708,4601,98954,0,10878,1406,0,2013,722,154918,201,0,7362,898,101734,204,162564,246,189,469,0,0,0,3470,571,980,2260045,425,443,640,11091,65307,7372,12416,0,0,493,582,200400,0,20878,687156,2033,0,308,1682,490028,0,2965,2885,0,2727,47,2312,118,60,691,230,261728,0,0,1784,0,7272,0,542,333,35082,0,8545,0,158,2564,0,9923,3106,0,0,129,52904,8852,20920,84329,0,338,15893,3780,35398,87,1221,9227,800,0,0,2109,55119,0,0,1215,0,365797,211,258,248,1804,0,4526,856,794,25107,0,0,459,68811,51,1139,156,836,0,1727,0,426,6539,0,1827867,0,12713,2440,0,62,0,18522,1007,0
0,33,0,0,1,0,470,183,0,0,1981,11719,517165,0,5,0,0,0,0,0,3,329,0,0,0,0,0,6198,2569,6,0,0,0,0,0,0,0,7,3,0,74,3902,0,419,0,0,0,216,3187,1,0,111,0,83144,1997,7598,0,25613,12219,0,0,0,118,0,0,0,0,0,0,24,0,0,130,0,0,3,0,25551,0,0,0,0,0,0,0,0,0,0,0,26335,529,0,0,0,0,0,2,0,0,0,0,0,25,0,18672,0,0,0,0,0,533,0,0,0,30,1186,0,0,1093,285,0,0,0,0,0,0,0,0,0,114,0,0,0,0,108,0,0,0,2642,0,0,67,0,0,0,0,0,0,709,0,0,3007,15,0,0,0,0,504,0,0,0,0,0,20453,0,0,0,0,0,0,917,0,0
0,0,0,0,0,0,260,559,0,0,7305,0,0,0,8,0,0,0,0,0,10,138,0,0,0,0,0,8830,6175,3,0,0,0,0,8502,0,0,0,9,61,82,19234,0,558,22,0,31,119,5860,2,0,548,0,75139,29811,9801,0,95,0,0,0,638,472,0,0,0,0,0,0,201,0,0,339,0,0,4,0,11455,0,0,0,0,0,0,0,0,0,0,0,0,0,0,0,0,0,39,2,0,0,0,0,0,39,0,4084,0,0,0,0,0,391,0,0,0,118,411,20636,0,1895,549,0,0,0,0,0,0,0,0,38,65,0,0,0,0,328,0,0,0,953,0,0,0,0,0,0,0,0,7,1366,0,29790,619,0,0,0,0,0,555,0,0,0,0,0,28702,0,0,0,0,0,0,2036,243,0
0,30944,0,0,0,0,2480,599,0,137611,17966,0,0,0,14,0,0,0,0,0,3,96,0,0,0,2552,19723,19322,5846,8,0,0,3265,0,252142,0,0,0,3,730,55,8436,0,621,0,0,0,123,1614,2,83,1090,0,70928,5242,18668,0,25,0,0,0,0,214,0,0,0,0,0,0,26,0,0,51,0,0,2,0,6086,0,0,0,0,5531,0,0,0,0,0,0,0,385,0,0,0,0,64,0,0,0,0,0,0,78,0,0,0,0,0,0,2250,137,0,2237,0,3183,0,0,44,5018,147,0,0,0,0,0,0,32,0,0,1603,0,0,0,0,0,214283,0,20549,0,0,0,0,0,0,0,0,0,0,2246,141,247,589,15,0,0,0,0,0,40,60386,166901,0,0,18853,0,0,0,0,0,0,23474,20933,0
0,862,0,0,42,0,1070,391,0,0,663,1629,0,0,9,0,0,0,0,0,6,79,0,0,0,0,0,1787,1048,8,0,0,2365,1551,0,0,0,0,8,0,50,4064,0,670,0,0,0,70,2333,4,0,97,0,64227,9604,8511,0,0,0,0,0,0,1445,0,0,0,0,0,0,81,0,0,2466,0,0,0,0,3384,0,0,0,0,0,0,0,0,0,0,0,0,357,0,0,0,0,0,1,0,1427,0,0,0,0,0,27782,0,0,0,0,0,0,0,1413,0,1117,0,0,0,1008,1694,0,0,0,0,0,0,521,0,110,419,0,0,0,0,569,0,0,0,0,0,0,0,0,0,0,0,18,0,637,62,687,229,0,0,0,0,0,0,0,24354,0,0,0,0,0,0,0,0,0,0,16438,8481,0
0,0,0,0,1722,0,12420,1342,0,0,1438,0,0,0,22,0,178,0,0,0,2546,6792,0,0,0,0,0,63081,10168,15882,0,0,0,0,0,0,0,0,20945,134,153,21379,0,3003,3416,0,192805,55,376158,13,0,894,0,25174,0,24649,0,0,0,0,0,0,408,1005,0,0,618,45,1523,199,0,0,0,0,0,157,2678,39525,0,57,0,0,0,0,0,0,0,0,0,0,0,0,0,0,0,17,10,0,0,0,0,0,13259,0,0,0,0,0,0,0,0,0,0,0,0,0,0,415,12975,4823,0,790,0,0,47046,5492,123,0,128,568,0,0,0,0,203,0,0,0,0,0,0,0,553,0,0,0,44,32,10531,0,0,0,0,0,0,0,0,0,46,0,0,0,0,625906,0,918949,0,0,0,0,469,0,0
0,0,0,0,0,0,0,0,0,0,0,0,0,0,0,0,0,0,0,0,0,0,0,0,0,0,0,185,26,1,0,0,0,0,0,0,0,0,0,0,1,0,0,18,0,0,0,854,0,0,0,3,0,33867,0,138,0,0,0,0,0,0,75,0,0,0,0,0,0,0,0,0,0,0,0,0,0,37,0,0,0,0,0,0,0,0,0,0,0,0,3810,0,0,0,0,0,0,0,0,0,9876,0,0,0,0,0,0,0,0,0,0,0,0,0,0,0,0,0,0,0,0,0,0,0,0,0,0,0,0,0,0,0,0,0,87,0,0,0,0,0,0,0,0,0,0,0,0,0,0,0,0,0,0,0,0,0,0,0,0,567,0,0,0,0,0,0,0,0,0,0,156,0,0
0,7493,0,0,24,0,10,35,0,0,162,0,0,0,7,0,0,0,0,0,110,1184,0,0,0,0,0,185,1812,1,0,281,0,0,0,0,0,0,0,0,11,0,0,25,3,0,0,0,4499,0,0,8,0,20608,0,1139,0,0,341,0,521,0,14,0,0,0,0,0,0,0,0,0,4,0,0,42,0,6159,0,0,0,0,0,0,0,0,0,0,0,0,0,0,0,0,0,1060,1,0,0,0,0,0,0,0,0,0,0,0,0,6524,0,0,0,0,0,0,0,0,11738,383,0,0,0,0,0,0,128,0,0,52513,0,0,0,0,45,0,0,0,0,0,0,1,0,0,1538,0,0,0,351,0,0,36,0,0,0,0,0,0,0,0,0,0,0,32084,0,0,0,0,0,0,0,0,0
0,0,0,0,123,0,390,153,0,0,102,0,0,0,5,0,50,0,0,0,125,383,0,0,0,0,0,4509,796,283,0,0,0,0,0,986,0,0,0,5,28,1828,0,144,291,0,645,0,3149,2,0,54,0,696,0,693,0,0,0,0,0,0,39,1010,0,0,613,0,504,32,0,0,11,0,0,5,0,1508,101,0,0,0,0,0,0,0,0,0,0,0,0,0,0,0,0,0,1,0,0,0,0,0,2482,0,0,0,0,0,0,0,0,0,0,0,0,0,0,9989,625,247,0,0,0,0,6608,312,38,0,37,0,0,0,0,0,31,0,0,0,0,0,0,0,840,0,0,0,0,0,362,0,0,0,0,0,0,0,0,0,53,0,0,0,0,86203,0,1107,0,0,0,0,0,0,0
0,0,0,0,47,0,21370,277,0,0,311,0,0,0,234,0,0,0,0,0,2,0,0,0,0,0,8,3803,322,8,0,0,0,0,0,0,0,0,3,0,80,1790,0,158,0,0,0,81,309,13,0,127,0,952,0,75498,0,0,0,0,0,0,22081,0,0,0,0,0,0,277,0,0,282,0,0,5,0,650,0,297,0,0,0,0,0,0,0,0,0,0,0,0,247,0,33,41,22,0,0,0,0,0,0,0,0,42,0,0,0,0,0,0,0,0,0,0,0,0,382,121,0,0,0,0,0,0,0,0,216,26,0,0,0,64,703,0,0,0,0,0,0,0,0,177,0,0,87,0,538,0,0,0,0,0,0,0,0,0,10278,0,0,0,0,15441,0,15,0,0,0,0,3887,0,0
0,0,0,0,1787,0,13640,47022,0,0,2601,0,0,0,885,0,0,0,91,0,45,443,0,0,0,0,0,20702,12112,89,0,0,0,0,0,37,0,0,0,720,0,525418,0,899,28,0,217,190,8540,67,0,605,0,8419,0,37035,0,0,0,0,0,0,4527,0,0,0,0,943,0,1600,0,0,5953,0,0,159,0,10401,0,55,0,0,0,0,0,0,0,0,0,0,0,0,0,0,94,594,249,0,0,150,0,0,329,50,0,76,0,115,15,0,0,0,0,0,76,0,0,0,407,1354,0,1104,0,0,33,84,0,0,4680,218,0,0,0,577,11047,0,0,0,0,0,0,0,0,526,0,0,73744,361,1274,0,0,0,0,0,0,0,0,0,1121,0,0,0,0,72659,0,354,0,0,0,0,1578,0,0
0,0,0,0,8009,422,126300,191269,299,0,39225,0,0,0,1996,0,267,558,62,58,1737,16101,0,0,25,968,0,166963,308470,7404,0,0,236,0,436,2204,0,65,1838,2772,11156,0,0,35441,1574,1414,3029,7258,212883,1369,0,6197,0,215982,52,286819,1635,0,2995,0,0,0,116849,556,0,1932,208,33561,1648,31303,0,2227,14065,0,0,1734,22937,219975,0,1614,5971,205287,0,2062,42,1441,0,0,223,186,6235,70,547,0,1786,9259,3097,0,1093,991,0,233,7033,39,0,915,0,1785,148,0,0,119,0,0,9063,0,0,279,120786,24853,0,11964,0,0,906,2707,3727,0,79149,23733,1700,0,0,2855,139367,0,0,0,821,0,0,123,218,16455,0,0,3856,13324,48158,0,0,172,2126,141,0,0,245,1121,270596,924,243,1080,1018,627569,0,4050,0,0,45,0,44843,279,0
0,0,0,0,0,0,100,6,0,0,439,0,0,0,3,0,0,0,0,0,0,0,0,0,0,0,0,1447,86,0,0,0,0,0,0,0,0,0,0,5,3,0,0,22,0,0,0,349,23,0,3025,6,0,6075,0,434,0,0,0,0,0,0,40,0,0,0,0,0,0,0,0,0,1,0,0,1,0,89,0,0,0,0,0,0,0,0,0,0,0,0,1264,0,0,0,0,0,0,0,0,0,0,0,0,0,0,0,0,0,0,0,0,0,0,0,0,0,0,0,102,34,0,0,0,0,0,0,0,0,0,0,0,0,0,0,0,0,0,0,0,0,0,0,0,0,0,0,0,0,104,0,0,0,0,0,0,0,0,0,0,0,0,0,0,0,0,0,0,0,0,0,0,0,0
0,0,0,0,244,0,10620,1213,0,0,2992,0,0,0,60,0,15,0,190,0,92,489,0,0,36,297,2,14960,5111,142,0,0,0,0,0,85,0,0,63,180,266,25108,0,0,24,0,126,284,11171,135,0,905,0,5991,0,22230,0,0,0,0,0,0,921,0,0,0,0,101,0,364,0,0,959,0,0,2972,1858,3237,0,113,499,0,0,0,0,0,0,0,0,0,683,0,0,0,354,1662,288,0,0,0,0,0,252,0,0,122,0,93,0,0,0,0,0,0,113,0,0,49,3242,22651,0,1456,0,0,126,225,436,0,926,349,0,0,0,81,227,0,0,0,0,0,0,0,0,188,0,0,199,50,45548,0,0,0,593,137,0,0,0,0,3328,0,182,0,0,29869,0,136,0,0,0,0,2000,0,0
0,0,0,0,682,0,130,2672,0,0,658,0,0,0,20,0,269,0,0,0,100,309,0,0,0,0,0,8772,9151,169,0,0,0,0,0,359,0,0,1082,12,32,10721,0,129,0,0,243,0,136976,1,0,127,0,3227,0,1323,0,0,0,0,0,0,578,95,0,0,96,0,4426,36,0,0,10,0,0,21,0,42262,0,0,0,0,0,0,0,0,0,0,0,0,0,46,0,0,0,23,1,0,0,0,0,0,1603,0,0,0,0,0,0,0,0,0,0,0,0,0,0,64,7792,563,0,0,0,0,6893,168,0,0,21,59,0,0,0,0,0,0,0,0,0,0,0,0,69,0,0,0,0,163,574,0,0,0,0,0,0,0,0,0,0,0,0,0,0,802001,0,14254,0,0,0,0,0,0,0
0,0,0,0,104,0,1380,1103,0,0,8939,0,0,0,369,0,0,0,50,0,3,182,0,0,0,0,0,51025,8169,28,0,0,0,0,0,24,0,0,12,38,622,22497,0,940,0,0,33,832,60245,14,0,707,0,1322603,65,23879,0,11,0,0,0,0,1126,0,0,0,0,56,0,688,0,0,576,0,0,24,44292,22467,0,774,0,0,0,0,0,0,0,0,0,0,3184,0,0,0,0,66,17,0,10190,0,0,0,98,0,3991,49,0,0,0,0,1627,0,0,0,484,454,0,105,3912,1117,0,0,0,0,0,18,454,0,604,203,0,0,0,9,763,0,0,0,3940,0,0,0,0,55,0,0,84,37,2575,0,0,0,0,136,0,0,0,8068,640,0,0,0,0,13910,0,89,0,0,0,0,355,0,0
0,0,0,0,952,0,1950,565,0,0,2607,0,0,0,12,0,40,0,0,0,861,1715,0,0,0,0,0,13950,4300,22016,0,0,0,0,0,13284,0,0,1253,10,77,8203,0,545,551,0,0,12,496666,7,0,160,0,3824,0,8388,0,0,0,0,0,0,86,145,0,0,328,0,0,112,0,0,38,0,0,26,0,88314,0,0,0,0,0,0,0,0,0,0,0,0,0,0,0,0,0,0,0,0,0,0,0,0,2201,0,0,0,0,0,0,0,0,0,0,0,0,0,0,103,1798,585,0,0,0,0,2275,3691,452,0,47,394,0,0,0,0,236,0,0,0,0,0,0,0,118,0,0,0,28,0,1992,0,0,0,0,0,0,0,0,0,0,0,0,0,0,413690,0,34373,0,0,0,0,0,0,0
0,0,0,755158,237,0,41870,12732,0,0,1229,0,0,0,126,67374,29,0,0,0,18,3089,0,0,0,0,44,50044,5478,50,0,0,0,0,0,131,0,0,11,5533,478,22572,0,1547,0,0,58,0,4053,41,0,833,0,28600,0,29985,0,32,0,0,0,0,28887,28,0,0,0,245,0,777,0,0,521,0,14326,28,20459,108471,0,135994,1593,0,0,0,0,0,168272,0,99001,0,18630,0,128,0,56,17,42,0,1410,0,0,29,195,1813,0,436,0,0,0,0,224,0,0,0,174,0,0,0,11824,728,0,1313,30361,0,62,19,158,0,469,370,0,18633,136060,27,1041,0,603000,14675,0,0,0,0,0,79,0,0,149,98,3718,0,0,0,0,0,0,0,0,880,766,0,0,0,0,130410,0,196,0,0,0,10621,3654,164,0
0,0,0,0,84969,0,14910,3524,0,0,45008,0,0,0,1497,0,102,0,34,0,10463,30469,0,0,0,0,0,9792,53499,5376,0,0,0,0,0,6188,0,138,2130,167,503,97210,0,4542,6691,0,5138,390,0,164,0,1727,0,281430,0,81162,0,0,205,0,0,1023,1207,1148,0,393,374,187,2384,1205,0,0,7588,0,0,294,1833,31824,0,687,1907,0,0,0,0,0,0,0,0,57,644,0,36,0,658,2621,196,0,3108,0,0,0,20727,0,0,141,0,0,0,0,84,24,0,0,344,0,0,427,19544,2684,0,0,0,0,3152,4695,1284,0,5000,13976,905,0,0,6628,1368,0,0,0,0,0,0,0,512,162,0,0,676,114,6763,0,0,0,0,0,0,0,0,0,1195,0,63,0,16053,85832,0,73179,0,0,0,0,1153,0,0
0,0,0,0,49,0,2250,319,509,0,696,0,0,0,57,0,15,0,3099,0,5,180,0,0,0,0,0,4051,502,28,0,0,0,0,0,20,0,0,3,30,129,11333,0,1089,0,0,0,25,1254,0,0,26176,0,840,0,8333,515,0,0,0,0,0,132,0,0,0,0,20,0,126,0,0,2686,0,0,140,0,1382,0,0,0,1046,0,650,0,0,0,0,0,0,0,0,0,0,958,345,3442,0,0,0,0,0,0,0,0,0,0,0,0,0,0,0,0,0,0,0,0,0,525,1999,0,0,0,0,0,16,0,0,206,112,0,0,0,0,57651,0,0,0,0,0,0,0,0,0,0,0,42,19,10010,0,0,0,0,0,0,0,0,0,111,0,0,10188,0,9910,0,49,0,0,0,0,116,0,0
0,0,0,9276,32,0,8990,1091,0,0,738,0,0,0,51,826,0,0,23,0,2,10,0,0,0,0,0,24704,4435,3,0,0,0,0,0,0,0,0,1,86,72,20116,11141,1686,0,0,0,614,2695,4,0,1576,0,8020,0,14825,0,25,0,0,0,0,2473,0,0,0,0,0,0,132,0,0,151,0,0,63,78029,30396,0,172,0,0,24091,0,0,0,2897,0,0,0,1624,4,0,0,0,0,0,0,0,0,0,0,0,0,0,319,0,0,0,0,0,0,0,0,211,0,0,76,8626,5170,0,1046,0,0,0,0,0,0,45,27,0,0,1846,0,266,0,102910,70677,0,0,0,0,0,0,0,0,25,0,13822,26,0,0,2,0,0,0,0,0,78,0,989,0,0,145243,0,33,0,0,0,4181,6600,0,0
0,0,0,0,70,0,9520,1366,0,0,3006,0,0,0,53,0,0,0,2017,0,34,512,0,0,0,0,0,9812,4738,82,0,0,0,0,0,44,0,0,22,528,220,15747,0,3777,26,0,87,234,10378,2398,0,0,0,3540,0,12752,0,0,0,0,0,0,788,0,0,0,0,39,0,701,0,0,946,0,0,186,299,2827,0,0,599,0,0,132,0,0,0,0,0,0,737,0,61,0,101,854,277,0,0,0,0,0,147,0,0,74,0,0,3,0,0,0,0,0,79,0,0,0,2554,6611,0,0,0,0,39,66,110,0,260,295,0,0,0,0,2169,0,0,0,0,0,0,0,0,35,0,0,124,31,169521,0,0,0,0,0,0,0,0,0,1652,0,0,0,0,18535,0,68,0,0,0,0,513,0,0
0,0,0,0,1,0,64000,15,0,0,8,0,0,0,2,0,0,0,0,0,0,0,0,0,0,0,0,24213,60,6,0,0,0,0,0,0,0,0,1,5,3,0,0,25,0,0,0,0,31,0,0,8,0,145,0,6013,0,0,0,0,0,0,1,0,0,0,0,0,0,0,0,178,14,0,0,2,0,44,0,0,0,0,0,0,0,0,0,0,0,0,0,0,0,0,0,0,0,0,0,0,0,0,0,0,0,0,0,0,0,0,0,0,0,0,0,0,0,0,61,40,0,45823,0,0,0,0,0,83,0,0,0,0,0,0,0,0,0,0,0,0,110,0,0,0,0,0,0,0,56,0,0,0,0,0,0,635,0,0,0,0,0,0,0,38921,0,0,0,216,142,0,38,0,0
0,0,0,15230,7071,0,28140,7665,0,248,139529,1532,0,0,538,1361,132,175,0,0,1063,9476,0,0,29,0,10976,109356,129392,1929,0,0,3695,0,7765,1924,486,194,860,978,2012,140948,0,6224,1936,1011,1557,2684,210047,212,0,2026,0,0,9457,133406,0,182,5800,0,104,3649,6842,224,0,2149,103,1749,818,3841,0,1184,10912,0,0,453,40576,134380,0,890,9060,0,0,0,305,1868,2353,0,123,59,4459,70,294,0,335,23716,331,0,26733,0,8066,97,8533,0,16906,401,0,397,66,0,0,1308,0,0,536,0,0,138,22101,4635,0,3159,1162,0,825,2136,1186,0,27091,80086,630,0,1374,1680,2518,0,0,0,13027,0,0,0,205,5513,0,0,2454,1774,7944,0,852,945,1220,0,0,0,0,6669,15802,0,259,0,716,152374,0,3652,170,510,11,0,5989,70,0
0,0,0,0,0,0,10,21,0,0,290,0,0,0,11,0,0,0,0,0,0,30,0,0,0,0,0,976,238,3,0,0,845,0,2380,0,0,8,1,0,2,505,0,7,0,0,0,0,271,0,0,7,0,18286,0,351,0,0,0,0,0,205,8,0,0,0,0,0,0,5,0,0,4,0,0,0,0,384,0,0,0,0,0,0,0,0,0,0,0,0,0,0,0,0,0,0,0,0,0,0,0,0,0,0,30825,0,0,0,0,0,84,0,0,0,0,0,0,0,87,0,0,0,0,0,0,0,0,0,0,499,0,0,0,0,0,0,0,0,0,0,0,0,0,0,268,0,0,0,12,0,281,796,0,0,0,0,0,0,0,0,0,0,0,0,0,0,0,0,0,0,248,0,0
0,0,0,24505,940,0,1187150,9416,0,0,24915,0,0,31653,2914,2181,1839,0,441,347,776,4904,2389,2012,34,6220,0,543482,40895,11049,7915,0,204,0,0,1155,0,50,512,38844,3869,99909,0,17012,457,1455,1484,2954,319144,524,0,4759,331,171346,0,0,0,1130,0,0,0,0,18067,194,490,17301,73,666,0,5383,28276,5047,249392,0,0,1115,21205,64975,4843,1822,16044,0,0,0,102,3840,8002,0,252,230,6415,920,1163,0,3901,4329,1369,0,920,0,0,138,3379,0,0,9684,0,98,80,0,0,395,1478,9428,1718,0,0,66,47297,16868,0,250997,4120,0,1717,1534,4217,1594,35829,16215,179,0,4771,951,1708,0,0,0,0,0,42,563,86,662,0,0,4037,568,20839,0,0,0,1913,328,0,0,2286,0,18709,1040,1249,0,246,684806,781,1722,927,107,29,0,236904,1286,12174
0,0,0,0,0,25767,520,2835,53614,0,1666,0,0,0,279,0,0,0,8583,0,2,63,0,0,0,0,0,1710,588,1,0,0,0,0,0,0,0,0,12,16310,988,22122,0,203,0,0,0,0,9792,1599,0,36,0,7011,0,3017,0,0,0,0,0,0,85216,0,0,0,0,0,0,212,0,0,250,0,0,20,9034,12224,0,0,0,3079,0,3704,0,0,0,0,0,0,0,0,0,0,723,0,1614,0,0,1028,0,0,0,0,0,38,0,0,0,0,0,0,0,0,0,0,0,0,202,208,0,0,0,0,49,0,0,0,338,943,0,0,0,0,441793,0,0,0,0,0,0,0,0,50,0,0,65,0,859,0,0,0,0,693,0,0,0,0,6439,0,0,64185,0,20511,0,12,0,0,0,0,0,0,0
0,0,0,0,0,0,4200,2115,0,0,3125,8708,30810,0,10,0,44,0,0,0,12,61,0,0,0,0,0,21357,2361,4,0,41173,0,0,0,0,0,40,1,89,114,29139,0,1682,0,0,26,221,14895,6,0,961,0,6190,3745,91540,0,0,4721,0,0,0,610,0,0,0,0,0,0,124,0,0,493,0,0,45,0,46540,0,61,1883,0,0,0,0,0,0,0,0,7069,545,23,0,87,0,0,0,0,0,0,0,0,0,0,17205,63,0,0,0,0,206,0,0,0,143,1658,170637,0,13222,1539,0,0,0,0,0,0,34,0,37,170,0,0,0,0,310,0,0,0,1678,0,0,1206,0,30,0,0,16,20,1927,0,0,42991,0,0,0,0,0,0,142,0,0,0,0,110298,0,31,0,0,0,0,5272,175,0
0,274,0,0,1,0,660,258,0,0,4058,0,0,0,10,0,0,0,0,0,8,57,0,0,0,0,0,4109,1048,2,0,91478,3665,0,0,0,0,398,0,0,71,4090,0,91,0,0,0,135,12192,0,0,55,0,27927,2929,2252,0,114,0,38965,4657,0,186,0,0,0,0,0,0,43,0,0,49,0,0,14,0,3898,0,0,0,0,0,0,0,0,0,0,0,35375,0,0,0,0,0,0,0,0,747,0,0,0,0,0,16464,0,0,0,0,0,3100,0,0,0,53,0,0,0,2464,164,0,0,0,0,0,0,0,0,58,3970,0,0,0,1,200,0,0,0,48426,0,0,68669,0,0,0,0,0,0,339,0,0,2964,0,0,0,0,0,0,0,0,0,0,0,14434,0,0,0,0,0,0,63,0,0
0,0,0,0,0,0,90,538,0,0,206,0,0,0,10,0,0,0,0,0,0,0,0,0,0,0,0,525,616,1,0,42,0,0,0,0,0,5,0,0,11,4272,0,613,0,0,23,28,18688,0,0,449,0,1763,0,10856,0,30,2861,0,1410,0,51,0,0,0,0,0,0,11,0,0,56,0,0,7,0,1515,0,0,0,0,0,0,0,0,0,0,0,711,0,0,0,0,0,0,0,0,0,0,0,0,0,0,4103,0,0,0,0,0,0,0,0,0,86,0,0,0,529,1015,0,0,0,0,0,0,0,0,0,101,0,0,0,0,0,0,0,0,4849,0,0,4843,0,0,0,0,0,0,3886,0,0,944,0,0,0,0,0,0,0,0,0,0,0,16438,0,0,0,0,0,0,0,0,0
0,0,0,0,0,0,10,58,0,0,48,0,0,0,5,0,0,0,0,0,0,937,0,0,0,0,0,87,292,2,0,317,0,0,0,0,0,4829,0,0,20,0,0,47,0,0,0,87,6554,0,0,6,0,2834,0,2290,0,0,9887,11899,0,0,0,0,0,0,0,0,0,8,0,0,1,0,0,0,0,782,0,0,0,0,0,0,0,0,0,0,0,454,275,0,0,0,0,0,0,0,0,0,0,0,0,0,0,0,0,0,0,0,1198,0,0,0,0,0,0,0,230,22,0,0,0,0,0,0,0,0,0,25070,0,0,0,0,128,0,0,0,27726,0,0,20,0,0,0,0,0,0,120,0,0,116,0,0,0,0,0,0,0,0,0,0,0,0,0,0,0,0,0,0,24,0,0
0,0,0,0,0,0,0,9,0,0,18,0,0,0,0,0,0,0,0,0,0,55,0,0,0,0,0,68,37,1,0,0,2688,0,1190,0,0,0,0,0,0,0,0,0,0,0,0,0,21552,0,0,9,0,361,51167,279,0,0,0,0,0,0,1,0,0,0,0,0,0,0,0,0,0,0,0,3,0,121,0,0,0,0,0,0,0,0,0,0,0,0,0,0,0,0,0,0,0,0,0,0,0,0,0,0,0,0,0,0,0,0,0,0,0,0,0,0,0,0,38,0,0,0,0,0,0,0,0,0,0,194,0,0,0,0,102,0,0,0,0,0,0,0,0,0,165,0,0,0,35,0,0,95,0,0,0,0,0,0,0,0,0,0,0,0,0,0,0,0,0,0,0,0,0
0,0,32054,0,1014,1143,122510,3422,0,0,14724,0,0,0,4724,0,84,0,104,0,22,1527,0,0,0,0,0,65325,7873,119,0,0,153,0,0,109,0,0,33,25300,488,207894,0,1455,60,0,49,1200,3625,25,0,731,0,11916,0,35339,0,0,0,0,0,0,0,0,0,0,0,146,0,1327,0,0,623,0,0,26,2991,17402,0,140,0,7377,0,0,0,0,0,0,0,0,2322,0,89,0,57,1195,34,0,0,88,0,0,249,216,0,72,0,50,0,0,0,0,0,0,0,0,0,0,9137,855,0,0,0,0,277,55,150,0,3214,165,0,0,0,5092,1916,0,0,0,0,0,0,0,0,936,0,0,330,85,11381,0,0,0,0,0,0,0,0,0,58579,0,43,0,0,143419,0,723,0,0,0,0,7141,0,0
0,0,0,0,96,0,420,319,0,0,131,0,0,0,6,0,32,0,0,19995,122,289,0,0,0,0,0,15708,868,138,0,0,0,0,0,429,0,0,2620,0,30,2023,0,231,406,0,296,9,6440,7,0,66,0,2768,0,934,0,0,0,0,0,0,31,0,0,0,3280,0,0,18,0,0,122,0,0,33,0,2135,309,0,0,0,0,0,0,0,0,0,0,0,0,4,0,0,0,0,0,0,0,0,0,0,32888,0,0,0,0,0,0,0,0,0,0,0,0,0,0,1634,632,390,0,0,0,0,1367,151,34,0,0,27,0,0,0,0,0,0,0,0,0,0,0,0,8521,0,0,0,0,0,760,0,0,0,0,0,0,0,0,0,0,0,0,0,0,777073,0,418,0,0,0,0,72,0,0
0,0,0,0,0,0,620,16,0,0,17,0,0,0,4,0,1232,0,0,0,4,1880,6277,0,0,0,0,86376,116,9,0,0,0,0,0,18,0,0,28,0,7,0,0,100,22,0,0,0,108,2,0,19,0,4364,0,20881,0,0,0,0,0,0,11,0,0,0,0,0,0,5,0,0,28,0,0,20,0,74,0,0,0,0,0,0,0,0,0,0,0,0,0,1867,0,0,0,0,0,0,0,0,0,0,0,0,0,0,0,0,0,0,0,0,0,0,0,0,0,0,2342,86,0,0,0,0,41,0,0,0,27,0,0,0,0,0,0,0,0,0,0,0,0,0,0,0,0,11264,0,0,127,0,0,0,0,0,0,0,9490,0,0,0,0,0,0,251829,238,8410,0,0,0,0,45,0,0
0,0,0,0,4,0,85500,240,0,0,0,0,0,0,0,0,24,0,0,61,2,0,0,504,0,0,0,203786,0,32,234829,0,0,0,0,33,0,0,3235,0,0,0,0,515,0,0,67,0,0,1,0,0,0,477,0,106808,0,0,0,0,0,0,0,0,0,0,0,0,0,0,0,0,1847,0,0,0,0,0,0,87,0,0,0,0,129,0,0,0,0,0,0,0,0,0,0,0,0,20550,0,0,0,0,0,0,0,0,0,0,0,0,0,20,0,0,0,0,0,0,0,988,0,7401,0,0,239,0,252,0,0,116,0,0,0,0,58,0,0,0,0,56502,0,0,8,0,0,0,0,0,593,0,0,0,0,0,0,0,0,0,56,0,0,0,0,219384,0,541,0,0,0,0,1278,0,0
0,0,0,0,66,0,210,84,0,0,59,0,0,0,2,0,40,0,0,7313,198,125,0,0,0,0,0,6339,477,146,0,0,0,0,0,329,0,0,3865,5,10,1393,0,113,402,0,323,0,26902,1,0,40,0,542,0,609,0,0,0,0,0,0,51,7292,0,0,0,0,0,11,0,0,12,0,0,33,0,2323,164,0,0,0,0,0,0,0,0,0,0,0,0,0,0,0,0,0,0,0,0,0,0,0,9980,0,0,0,0,0,0,0,0,0,0,0,0,0,0,11534,393,95,0,0,0,0,1280,153,0,0,0,0,0,0,0,0,0,0,0,0,0,0,0,0,11198,0,0,0,0,0,330,0,0,0,0,0,0,0,0,0,0,0,0,0,0,467515,0,290,0,0,0,0,0,0,0
0,0,0,0,983,0,68500,34205,0,0,804,0,0,0,80,0,0,12849,0,0,33,567,0,0,0,0,0,39707,18522,233,0,0,0,0,0,53,0,0,24,89,1396,202498,0,751,0,0,56,97,1691,13,0,173,0,9334,0,8038,0,0,0,0,0,0,438,0,0,0,0,0,0,2345,0,0,495,0,0,151,0,24705,0,59,0,0,0,0,0,0,0,0,0,0,0,0,0,0,0,271,6,0,0,0,0,0,52,1323,0,68,0,14529,0,0,0,0,0,0,0,0,0,0,200,2742,0,1902,0,0,86,85,0,0,815,72,0,0,0,0,314,0,0,0,0,0,0,0,0,289781,0,0,664,60310,6277,0,0,0,0,0,0,0,0,0,219,0,0,0,0,43885,0,387,0,0,0,0,792,0,0
0,0,0,0,41,0,70,54,0,0,245,0,0,0,5,0,25465,0,0,46,13,54,32,0,0,0,0,83613,1573,28,0,0,0,0,0,108,0,0,70,5,4,1529,0,150,311969,0,66,0,610,0,0,12,0,68723,0,304,0,0,0,0,0,0,39,12,0,0,31,0,0,0,0,0,4,0,0,7,0,703,0,0,0,0,0,0,0,0,0,0,0,0,0,0,38,0,0,0,0,0,0,0,0,0,940,0,0,0,0,0,0,0,0,0,0,0,0,0,0,22,1245,30,0,0,0,0,461,46,0,0,0,0,0,0,0,0,0,0,0,0,0,0,0,0,0,0,0,0,0,0,135,0,0,0,0,0,0,0,0,0,0,0,0,0,0,542091,0,1810,0,0,0,0,0,0,0
0,0,0,0,813,0,22850,38020,0,0,3753,0,0,0,323,0,0,161,327,0,23,1512,0,0,0,0,0,39766,14910,201,0,0,0,0,0,131,0,0,73,368,778,166999,0,2757,20,0,149,126,7773,99,0,1635,0,9756,0,49996,0,0,0,0,0,0,1766,0,0,0,0,1037,0,0,0,0,8033,0,0,157,12115,12887,0,1322,0,0,0,0,0,0,0,0,183,0,300,0,0,0,115,711,244,0,0,201,0,0,369,75,0,134,0,45,9,0,0,0,0,0,0,0,0,0,8441,2153,0,1320,0,0,50,60,240,0,1393,352,0,0,0,6120,16525,0,0,0,0,0,0,0,0,1842,0,0,14561,488,15339,0,0,0,0,0,0,0,0,0,514,0,0,0,0,78221,0,969,0,0,0,0,0,0,0
0,0,0,267618,21,0,71160,1038,0,0,1228,0,0,149290,23,23845,30,0,0,0,9,722,0,6036,0,0,0,14445,3110,53,34528,0,0,0,0,78,0,0,17,185,119,18985,0,1106,0,2628,44,2707,1967,6,0,347,0,4572,0,9208,0,0,0,0,0,0,453,35,0,131809,0,27,0,217,0,850,125,0,0,110,0,3158,0,23478,24895,0,0,0,116,25526,75801,0,3243,0,11587,0,317,0,0,0,3,0,0,0,0,0,153,0,0,21,0,0,0,0,0,0,0,1024344,90,0,0,0,141028,1256,0,4796,25710,413,115,40,3253,8218,117,218,0,0,48072,0,160,0,1070951,0,0,136979,74,0,0,33,0,0,22,27,2198,0,0,0,621,0,5501,0,0,0,177,0,0,0,0,90544,0,56,6511,0,0,0,964,0,0
0,0,0,2913802,97,0,329520,11607,0,0,6894,0,0,32562,145,259915,552,0,46,318,92,874,441,3017,42383,7165,0,556092,16237,336,7793,0,0,0,0,134,0,0,54,2934,930,66016,0,8321,90,0,157,1169,35225,111,0,4140,1255,44431,0,691279,0,708,0,0,0,0,10375,0,0,17632,0,67,0,1111,10818,0,19348,0,231,278,18389,136380,1152,13319,22497,0,0,0,105,4419,674184,0,1840,712,4295,112,10529,223,0,127,102,0,0,0,1425,19348,863,0,0,245,27316,0,90,2344,0,7517,2419,126986,674,0,0,23,17366,8243,459935,56073,473206,2023077,3816,191,10476,154,889,6889,0,0,540914,0,5594,0,1579235,1396,0,124357,0,373,11,302,0,0,122,90,17863,0,0,0,8232,644,0,241,926,0,514,7629,4090,3804,0,1696057,0,244,1614,0,0,0,31848,4630,0
0,0,0,0,64,0,70990,843,0,0,3607,0,0,0,10,0,54,0,21,0,66,170,0,0,0,539,12,30003,3105,78,0,0,0,0,0,122,0,0,29,828,470,10994,0,1419,31,0,137,90,13455,146,0,453,0,9086,0,447993,0,0,0,0,0,0,603,0,0,681,0,53,0,807,0,0,0,0,0,82,0,3628,0,118,1061,0,0,0,0,0,0,0,0,0,0,0,0,0,1465,1067,761,0,0,0,0,0,270,0,0,254,0,0,7,0,0,44,0,0,60,0,0,23,4543,706,0,8057,0,0,79,196,425,42,7874,1377,0,0,0,332,171,0,0,0,0,0,0,0,11,54,0,0,667,29,1950,0,0,0,0,0,0,0,0,0,531,0,0,0,0,127933,0,58,0,0,0,0,9571,0,0
0,0,0,0,137,6172,36490,13249,1604,0,4464,0,0,0,252,0,0,0,47,0,53,530,0,0,0,0,0,122237,7965,50,0,0,0,0,0,110,0,0,99,1284,313,132949,0,12574,29,0,132,142,4920,28,0,4318,0,21067,0,81080,0,0,211,0,0,0,1947,16,0,0,0,48,0,2043,0,1769,436,0,17568,36,50732,14431,0,214,4841,0,0,0,0,0,0,0,0,0,365,0,103,0,82,152,38,0,0,0,0,0,273,0,0,28,0,0,0,0,0,0,0,0,30,0,0,0,25486,13086,0,2959,0,2345,73,54,577,0,239,180,0,0,0,976,1974,0,0,0,0,0,0,0,17,67,0,0,104,58,62120,0,0,0,13,1249,0,0,0,0,14728,0,0,2129,0,331030,0,97,0,0,0,10,552,0,0
0,0,0,0,37,0,51860,4723,0,0,3292,0,0,0,638,0,0,0,0,0,9,506,0,0,0,0,0,49515,6416,14,0,0,0,0,0,21,0,0,15,335,440,111208,0,22302,26,13777,24,10013,1694,10,0,7502,0,5658,0,72047,0,0,0,0,0,0,3731,0,0,0,0,81,0,831,0,517,443,86387,0,49,65732,3888,0,475782,0,0,0,0,0,0,0,0,143391,0,60735,0,40,0,0,0,11,0,1300,0,0,0,47,0,0,77,0,0,0,0,135,0,0,555,0,0,0,0,41043,20604,0,5775,4226,287,0,18,70,0,441,37,0,0,0,1041,968,0,5039,0,0,0,0,0,0,181,0,0,62,60,121761,0,0,0,76,67,0,0,0,449,14069,0,0,0,0,116459,0,74,0,0,0,10441,120,0,0
0,0,0,0,8,0,700,161,0,0,191,0,0,0,148,0,0,0,0,0,2,478,0,0,0,0,0,709,352,7,0,0,0,0,0,0,0,0,1,35,27,1742,0,8794,0,0,0,0,1043,22,0,157,0,355,0,1981,0,0,0,0,0,0,55,0,0,0,0,0,0,130,0,0,37,0,0,0,0,207,0,0,0,0,0,0,0,0,0,0,0,0,0,0,0,0,54,215,40,0,0,0,0,0,0,0,0,0,0,0,0,0,0,0,0,0,0,0,0,0,428,4862,0,0,0,0,0,14,53,0,511,25,0,0,0,0,44,0,0,0,0,0,0,0,0,0,0,0,38,0,4728,0,0,0,0,0,0,0,0,0,42,0,0,0,0,4807,0,0,0,0,0,0,26,0,0
0,0,0,0,555,0,10710,2191,0,0,1417,0,0,0,323,0,0,0,370,0,156,1994,0,0,0,0,0,24432,3263,329,0,0,0,0,0,437,0,0,168,408,415,14404,0,1695,58,0,358,666,2659,49,0,741,0,8502,10,17454,0,38,0,0,0,0,728,114,0,0,64,55,0,1688,0,0,215,0,0,32,0,3882,0,3539,0,0,0,0,0,0,0,0,489,0,0,0,55,0,39,27,117,0,0,89,0,0,1172,0,0,11,0,0,0,0,0,0,0,0,108,0,0,0,5276,713,0,0,0,0,948,469,605,0,359,299,0,63515,0,912,3580,0,0,0,0,0,0,0,41,112,0,0,149,42,2339,0,0,0,0,0,0,0,0,0,2689,0,0,3740,0,134567,0,482,0,0,0,0,3534,0,0
0,0,9025,0,132014,0,204700,25426,0,0,164231,0,0,0,1038,0,146,117,21,0,1226,36843,0,0,12,470,76,252815,225317,2299,0,0,407,0,0,2621,0,392,2100,514,2305,400667,0,5065,3595,1346,2644,3930,87330,295,0,1874,0,339830,0,135115,0,192,355,0,0,0,6441,320,0,629,186,3120,2257,3835,0,0,7743,0,0,222,5066,0,0,696,2731,0,0,0,17,0,0,0,0,50,5934,16,5236,0,338,13517,317,0,1438,270,0,285,4964,35,0,1364,0,186,17,0,54,127,0,0,824,0,0,177,20152,2279,0,1771,0,0,1121,3095,1705,0,10304,2405,898,0,0,11606,1861,0,0,0,0,0,0,0,270,1968,0,0,2217,4688,7804,0,0,0,567,0,0,0,0,1705,2811,550,421,0,11049,384655,0,49467,0,0,0,0,18441,0,0
0,0,0,0,11,0,1110,178,0,0,115,0,0,0,6,0,6925,0,0,421,6,137,947,0,0,0,0,125438,682,13,0,0,0,0,0,56,0,0,214,16,11,2206,0,155,126,0,26,0,262,2,0,58,0,479,0,153842,0,0,0,0,0,0,12,0,252,0,19,0,0,30,0,0,117,0,0,17,0,346,0,0,0,0,0,0,0,0,0,0,0,0,0,177,0,0,0,0,1,0,0,0,0,0,126,0,0,0,0,0,0,0,0,0,0,0,0,0,0,19,823,145,0,0,0,0,593,0,0,0,0,23,0,0,0,0,0,0,0,0,0,0,0,0,10,0,0,0,0,0,280,0,0,0,0,0,0,0,1445,0,0,0,0,0,0,641849,123,98,0,0,0,0,154,0,0
0,0,0,141838,73,0,5270,640,0,0,342,0,0,0,156,12651,0,0,28,0,14,1045,0,0,0,0,0,9880,585,52,0,0,0,0,0,167,0,0,11,471,149,12241,0,1143,0,4106,49,4929,2099,4,0,243,0,1334,0,5627,0,0,0,0,0,0,831,0,0,0,29,68,0,396,10818,0,109,0,10309,12,0,2990,0,0,0,0,0,0,0,0,33444,0,573,0,18101,0,271,0,0,0,7,0,0,0,0,0,41,0,0,37,0,0,0,0,0,0,0,0,0,0,0,25,891,301,0,0,7523,0,101,37,175,0,142,25,0,56259,26916,909,801,0,152257,0,0,0,0,0,0,102,0,0,46,77,2848,0,0,0,0,0,0,0,0,0,891,0,0,3702,0,61477,0,209,0,0,0,0,45,0,0
0,0,0,0,3859,0,40290,2539,0,0,4520,0,0,13016,111,0,32,0,0,0,1426,48633,0,200,120,0,0,32378,6464,496,5932,0,0,0,0,674,0,1,279,89,1359,31979,0,1726,327,0,505,1084,5638,55,0,1201,0,19762,19,35720,0,46,93,0,0,0,520,128,0,13892,99,56,408,1351,17080,743,518,0,0,88,0,8284,0,233,0,0,0,0,138,18086,0,0,0,0,892,25,828,0,28,185,15,0,0,0,0,111,3004,0,0,43,0,0,336,0,0,8,0,15742,113,0,0,38,5869,1203,0,9992,0,0,316,3102,13537,255,529,273,2032,0,0,0,1005,0,0,0,0,0,31,3,52,40,0,0,111,78,2963,0,0,0,7553,0,0,92,0,0,1979,0,212,0,0,348399,0,369,1542,0,53,0,1385,100,0
0,0,0,0,0,503,1220,943,3797,0,2088,0,0,0,929,0,0,0,70573,0,20,24,0,0,0,0,0,9326,2044,4,0,0,0,0,0,0,0,0,5,253,4671,982965,0,148,10,0,0,200,1184,4095,0,172,0,2388,0,4837,11617,0,0,0,0,0,27573,0,0,0,0,67,0,532,0,2286,254,0,0,15,13218,3850,0,46,0,0,0,14657,0,1145,0,0,0,0,712,0,0,0,5366,0,7058,0,0,5719,0,0,0,0,0,0,0,0,170,0,0,0,0,0,0,0,0,0,126,649,0,0,0,0,0,0,0,0,4775,769,0,0,0,0,2512343,0,0,0,0,0,0,0,0,100,0,0,199,48,1227,0,0,0,0,876,0,0,0,0,4941,0,0,221504,0,12682,0,0,0,0,0,0,0,0,0
0,0,0,0,2,0,15390,840,0,847,494,0,0,0,11,0,19,0,0,0,12,45,0,0,0,538,0,24991,2904,12,0,0,0,0,0,0,77,0,8,89,78,14533,0,1410,0,0,0,130,1327,2,0,938,0,1616,0,134474,0,13,0,0,0,0,464,0,0,0,0,0,0,88,0,2469,472,0,0,53,0,3640,0,0,0,0,0,0,0,0,0,0,0,0,298,0,0,0,0,0,3,0,0,0,0,0,65,0,0,31,0,0,0,0,0,0,0,0,1110,0,0,0,2531,1504,0,1591,0,0,0,0,53,0,63,90,0,0,0,0,443,2598,0,2814,0,0,0,0,0,0,0,0,20,17,2424,0,0,0,0,0,0,0,0,0,171,27864,43824,0,0,85385,0,0,0,0,0,0,13039,536,0
0,0,0,0,0,0,350,554,2680,0,1129,0,0,0,82,0,0,0,5279,0,4,0,0,0,0,0,0,1705,426,2,0,0,0,0,0,0,0,0,0,26,721,80885,0,33,0,0,0,59,255,593,0,36,0,667,0,1008,1856,0,0,0,0,0,560,0,0,0,0,0,0,132,0,0,31,0,0,1,2442,1326,0,0,0,6331,0,0,0,1523,0,0,0,0,0,0,0,0,455,0,987,0,0,0,0,0,0,0,0,0,0,0,0,0,0,0,0,0,0,0,0,0,42,141,0,0,0,0,0,0,0,0,130,0,0,0,0,0,580279,0,0,0,0,0,0,0,0,0,0,0,19,0,559,0,0,0,0,11759,0,0,0,0,1732,0,0,26640,0,4628,0,0,0,0,0,0,22,0,0
0,0,0,0,20,0,31750,819,0,0,230,0,0,18575,13,0,0,0,0,0,0,27,0,0,0,0,0,23582,2212,2,0,0,0,0,0,0,0,0,3,0,20,2605,0,195,115,0,0,0,82,4,0,233,0,58559,0,1162,0,0,0,0,0,0,22,0,0,0,0,0,0,74,0,0,11,0,0,4,0,1322,0,0,2683,0,0,0,0,10855,0,1173,0,0,0,0,0,0,0,0,0,0,0,0,0,0,0,0,0,0,0,0,0,0,0,0,0,13519,0,0,0,0,678,328,0,6263,0,0,0,0,38,0,27,0,0,0,0,0,112,0,0,0,0,0,0,0,0,0,0,0,0,0,494,0,0,0,611508,0,0,0,0,0,0,0,0,0,0,151340,0,0,1928,0,0,0,0,0,0
0,0,0,0,7066,0,84160,0,0,0,698,0,0,0,53,0,0,0,27,0,434,8503,0,150,31,0,0,129149,3084,652,162303,0,0,0,0,256,0,0,250,10,1023,28189,0,8790,535,0,557,281,3641,19,0,390,0,19138,115,6024,211,0,486,0,0,0,216,1553,0,4732,49,27,0,1220,28850,0,189,0,0,0,0,3930,0,214,565989,30007,0,265,62,0,0,0,0,0,635,0,596,0,0,32,37,0,0,0,0,0,3960,0,0,0,0,0,1497,0,69,0,0,3277,35,0,0,57,6426,7082,0,27818,0,0,343,616,6799,64,122,113,2610,0,0,0,3651,0,0,0,0,0,34,11,123,27,0,0,435,20,10398,0,0,0,841,0,0,0,0,0,505,0,182,0,0,1071527,0,262,1495,0,0,0,1318,0,0
0,0,0,56684,0,0,4310,216,0,0,9,0,0,0,97,5054,0,0,0,0,4,20,0,0,0,0,0,13110,400,6,0,0,0,0,0,24,0,0,0,249,87,0,0,1357,0,2173,0,2811,405,6,0,112,0,679,0,12511,0,0,0,0,0,0,143,0,0,0,0,0,0,175,0,6306,197,0,399,2,0,543,0,1695,0,0,0,0,0,0,0,0,234,0,9579,0,1711,0,0,0,3,0,0,0,0,0,0,0,0,54,0,0,0,0,31,0,0,0,0,0,0,0,1112,317,0,0,294,0,0,0,168,0,199,0,0,17280,8395,0,84,0,0,0,0,0,0,0,0,69,0,0,59,0,1459,0,0,0,0,0,0,0,0,0,282,0,0,0,0,22739,0,67,0,0,0,0,72,0,0
0,0,0,0,282,0,11140,106,0,0,117,0,0,83368,1,0,0,0,0,0,0,5,0,0,0,0,0,14125,888,1,0,0,0,0,0,0,0,0,4,5,27,3475,0,51,0,0,0,0,203,0,0,20,0,39404,0,639,0,0,0,0,0,0,42,0,0,0,0,0,0,45,0,0,33,0,0,0,0,260,0,0,0,0,0,0,288,0,0,0,0,0,0,0,0,0,0,0,0,0,0,0,0,0,0,0,0,0,0,0,1,0,0,0,0,0,0,0,0,0,162,85,0,0,0,0,0,0,372,0,0,0,0,0,0,0,119,0,0,0,0,0,0,0,0,0,0,0,0,0,482,0,0,0,829240,0,0,0,0,0,0,0,0,0,0,194912,0,0,5981,0,0,0,26,0,0
0,0,0,35184,788,722,89680,1575,0,0,1831,0,0,0,592,3142,0,0,61,46,32,12229,0,0,0,0,0,80995,5260,125,0,0,0,0,878,1095,0,0,87,2938,322,76884,0,12745,142,2226,305,2986,3125,10,0,514,0,43600,1472,15247,0,818,3006,0,0,0,2097,22,0,0,0,65,0,345,0,0,130,0,1518,31,6043,7085,0,4143,0,0,0,0,0,0,5897,0,0,871,9816,9,723,0,52,23,48,0,1024,0,0,10,973,0,0,60,0,0,0,0,118,0,0,0,46,0,0,0,3387,1680,0,0,0,0,448,65,131,0,397,65,0,3344,5865,1067,949,0,96479,0,1037,0,0,2023,0,47,0,0,86,26,24116,0,0,0,0,0,0,0,0,0,1120,0,0,1759,0,118708,0,7131,0,0,0,0,733,0,0
0,0,0,0,0,0,2930,234,0,0,380,0,0,0,5,0,0,0,0,0,2,34,0,0,0,0,0,2147,376,3,0,79389,3407,0,0,0,0,0,0,0,9,1904,0,154,0,0,0,45,914,0,0,108,0,726,0,3422,0,23360,29367,853,847,0,32,0,0,0,0,0,0,33,0,0,105,0,0,0,0,2006,0,0,0,0,0,0,0,0,0,0,0,0,0,0,0,0,0,0,0,0,0,0,0,0,0,0,4047,0,0,0,0,0,0,0,0,0,0,0,15762,0,2070,897,0,0,0,0,0,0,0,0,0,25,0,0,0,0,0,0,0,0,0,0,0,12509,0,0,0,0,0,0,873,40,0,150,1,0,0,0,0,0,0,0,0,0,0,69911,0,0,0,0,0,0,518,0,0
0,0,0,0,51,0,2410,393,0,0,170,0,0,0,189,0,0,0,0,0,3,95,0,0,0,0,0,5678,936,13,0,3530,0,0,0,0,0,0,11,244,147,4322,0,218,0,4226,0,4714,749,4,0,150,0,2173,0,15742,0,0,0,0,0,0,655,0,0,0,0,149,0,320,2045,0,430,0,0,2,16748,36216,0,2195,0,0,0,0,0,0,0,0,303,0,0,0,40,0,0,0,6,0,892,0,0,0,0,0,0,746,0,0,0,0,138,0,0,0,35,155,0,0,697,287,0,0,0,0,33,0,47,0,249,25,0,0,0,0,264,0,0,1701,0,0,0,0,0,383,0,0,45,49,1364,0,1054,0,0,0,0,0,0,7062,3037,0,0,0,0,6857,0,130,0,0,0,0,129,0,0
0,0,0,0,0,0,50,12,0,0,0,0,0,0,0,0,72,0,0,0,0,144,2073,0,0,0,0,5304,51,37,0,0,0,0,0,0,0,0,1,0,3,0,0,7,0,0,0,0,60,0,0,3,0,4391,0,8756,0,0,0,0,0,0,0,0,187,0,0,0,0,0,0,0,7,0,0,0,0,22,335,0,0,0,0,0,0,0,0,0,0,0,0,0,0,0,0,0,0,0,0,0,0,0,0,0,0,0,0,0,0,0,0,0,0,0,0,0,0,0,53,0,0,0,0,0,0,0,0,0,0,0,0,0,0,0,0,0,0,0,0,0,0,0,0,0,0,0,0,0,30,0,0,0,0,0,0,0,850,0,0,0,0,0,0,18871,233,10,0,0,0,0,0,0,0
0,0,0,101145,2,0,96490,839,0,0,623,0,0,0,9,9019,36,0,0,0,2,40,0,1208,31,1449,0,131534,35858,4,4723,0,0,0,0,0,0,0,1,10539,97,45160,0,8060,0,0,0,210,565,9,0,723,0,44249,0,123509,0,17,0,0,0,0,908,0,0,766,0,0,0,52,0,160971,233,0,0,165,0,85078,0,28134,9097,0,0,0,52,16153,25148,0,3887,0,326,0,0,0,0,0,40,0,0,0,0,7770,0,0,0,16,0,0,0,0,0,979,0,6355,0,0,0,0,9987,8751,41,8516,10342,663,0,0,170,78,89,23,0,0,33403,0,576,0,338283,0,0,9222,0,0,0,0,0,0,0,0,6722,0,0,0,7126,0,0,0,0,0,67,0,0,0,0,40208,0,0,101,0,0,0,781,0,0
0,0,0,0,0,0,130,4,0,0,11,0,0,0,0,0,0,0,0,0,0,0,0,0,0,2452,0,102,73,7,0,0,0,0,0,0,0,0,0,0,2,0,0,44,0,0,0,0,0,0,0,0,0,45,0,758,0,0,0,0,0,0,0,0,0,0,0,0,0,6,0,0,38,0,0,0,0,31,0,0,0,0,0,0,0,0,0,0,0,0,0,0,0,0,0,0,0,0,0,0,0,0,0,0,0,0,0,0,0,7548,0,0,0,0,126,0,0,0,104,0,0,0,0,0,0,0,0,0,0,0,0,0,0,0,0,0,0,0,0,0,0,0,0,0,0,0,0,0,26,198,0,0,0,0,0,0,0,0,0,140,0,0,0,0,0,0,0,0,0,0,213763,0,0
0,0,0,0,391,0,3090,777,0,0,1405,0,0,0,103,0,0,0,16612,0,8,626,0,0,0,0,0,5377,1074,11,0,0,0,0,0,42,0,0,9,99,466,48176,0,5362,0,0,0,0,18531,2004,0,645,0,2419,0,104022,2377,0,0,0,0,0,557,0,0,0,0,26,0,145,0,0,37759,0,0,1474,3751,5645,0,0,0,4124,0,3001,0,0,0,0,0,0,0,0,0,0,0,393,20226,0,0,0,0,0,58,0,0,42,0,0,0,0,0,0,0,0,0,0,0,0,2042,9869,0,0,0,0,39,0,0,0,52319,322,0,0,0,0,69747,0,0,0,0,0,0,0,0,29,0,0,110,35,6735,0,0,0,0,0,0,0,0,0,257,0,0,24337,0,35892,0,139,0,0,0,0,319,0,0
0,0,0,0,96,0,240,652,0,0,4391,0,0,0,8,0,0,0,0,0,5,53,0,0,0,0,0,481,2055,9,0,0,0,0,0,21,0,4,15,12,17,20243,0,442,0,0,0,0,1398,14,0,79,0,11915,0,1862,0,0,0,0,0,0,142,0,0,0,0,31,0,138,0,0,153,0,0,112,0,4798,0,0,0,0,0,0,0,0,0,0,0,0,0,0,0,0,0,0,13,0,0,0,0,0,0,0,0,0,0,96,0,0,0,0,0,0,43,0,0,0,1000,123,0,0,0,0,0,14,0,0,239,3463,0,0,0,0,35,0,0,0,0,0,0,0,0,93,0,0,40,54,238,0,0,0,0,0,0,0,0,0,44,0,0,0,0,2681,0,0,0,0,0,0,22,0,0
0,0,0,0,124,0,5580,690,0,0,953,0,0,0,121,0,0,0,10019,0,0,140,0,0,0,0,0,6387,1427,21,0,0,0,0,0,18,0,0,1,175,228,29689,0,2711,0,0,0,0,3129,4259,0,1098,0,2580,0,58790,812,0,0,0,0,0,360,0,0,0,0,27,0,142,0,0,21660,0,0,658,3812,3199,0,0,0,1046,0,1022,0,0,0,0,0,0,0,0,0,0,6670,320,0,0,0,0,0,0,33,0,0,72,0,0,0,0,0,0,0,0,0,0,0,0,1195,2748,0,0,0,0,0,0,0,0,1608,182,0,0,0,0,87715,0,0,0,0,0,0,0,0,0,0,0,111,23,4686,0,0,0,0,0,0,0,0,0,63,0,0,19432,0,24907,0,132,0,0,0,0,332,0,0
0,0,0,0,0,0,2570,14,0,0,0,0,0,0,0,0,0,0,0,0,0,0,0,0,0,0,0,5508,0,6,21201,0,0,0,0,0,0,0,1,0,0,0,0,0,0,0,0,0,0,0,0,0,0,16,0,0,0,0,0,0,0,0,0,0,0,69830,0,0,0,0,0,0,0,0,0,0,0,0,0,0,0,0,0,0,0,0,0,0,0,0,0,0,0,0,0,0,0,0,0,0,0,0,0,0,0,0,0,0,0,0,0,0,0,0,0,0,0,0,0,87,0,0,0,0,0,0,0,0,0,1760,0,0,0,0,0,0,0,0,0,18709,0,0,0,0,0,0,0,0,0,0,0,0,0,0,0,0,0,0,0,0,0,0,0,10498,0,0,0,0,0,0,0,0,0
0,0,0,7508,211,0,1810,1647,0,0,81535,0,0,0,74,669,0,0,0,0,21,503,0,0,0,0,0,57150,14887,53,0,0,0,0,0,66,0,0,4,68,245,110735,0,5432,32,0,33,997,763735,15,0,1730,0,856493,421,20936,0,0,0,0,0,0,2121,0,0,0,0,29,0,188,0,0,268,0,584,155,158158,425165,0,1348,0,0,0,0,0,0,2083,0,186,0,4346,0,0,0,0,160,11,0,0,0,0,0,233,0,0,208,0,0,0,0,341,0,0,0,0,0,0,0,167858,4881,0,0,0,0,67,36,0,0,329,1736,0,0,1431,11,1081,0,0,0,3873,0,0,0,0,34,0,0,42,19,7391,0,0,0,0,0,0,0,0,4480,469,0,0,1732,0,57373,0,995,0,0,0,0,861,0,0
0,0,0,0,454,0,1040,1521,297,0,908,0,0,0,1814,0,0,0,7676,0,7,0,0,0,0,0,0,12478,1017,6,0,0,0,0,0,0,0,0,4,1004,9878,22423,0,308,11,0,0,59,17111,884,0,95,0,6065,0,3043,2389,0,0,0,0,0,10269,0,0,0,0,113,0,220,0,0,3707,0,0,13,10580,166791,0,83,0,11327,0,3013,0,0,0,0,0,0,0,0,0,0,710,0,2039,0,0,0,0,0,0,0,0,32,0,0,0,0,0,0,0,0,0,0,0,0,61,303,0,0,0,0,0,0,0,0,575,17400,0,0,0,42976,288805,0,0,0,0,0,0,0,0,236,0,0,92,311,446,0,0,0,0,821,0,0,0,0,2307,0,0,149246,0,30127,0,0,0,0,0,0,0,0,0
0,0,0,0,7,0,240,64,0,0,436,0,0,0,2,0,0,0,0,0,4,35,0,0,0,482,0,3497,1507,6,0,0,0,0,0,0,9689,0,3,10,27,1540,0,54,0,0,0,39,383,1,0,12,0,111307,0,998,0,0,0,0,0,0,133,0,0,0,0,0,0,32,0,0,12,0,0,2,0,2382,0,0,0,0,0,0,0,0,0,0,0,0,0,0,0,0,0,0,0,0,0,0,0,0,0,0,0,0,0,0,0,0,0,1979,0,0,0,0,0,0,162,444,0,0,0,0,0,0,0,0,0,23,0,0,0,0,82,0,0,0,0,0,0,0,0,0,0,0,0,0,89,0,0,0,0,0,0,0,0,0,0,0,0,0,0,0,0,0,0,0,0,0,341,0,0
0,0,0,0,0,0,420,8,0,0,2,0,0,0,2,0,0,0,0,0,0,9,0,0,0,0,0,0,56,1,0,0,0,0,0,0,0,0,1,0,3,0,0,7,0,0,0,27,0,0,0,1,0,6,0,359,0,0,0,0,0,0,3,0,0,0,0,0,0,0,0,206,2,0,0,0,0,34,0,0,0,0,0,0,0,0,0,0,0,0,0,0,1474,0,0,0,0,0,0,0,0,0,0,0,0,0,0,0,0,0,0,0,0,0,0,0,0,0,0,0,0,0,0,0,0,0,0,0,0,0,0,0,0,0,45,0,0,0,0,0,0,0,0,0,0,0,0,0,12,0,0,0,0,0,0,0,0,0,0,0,0,0,0,0,0,0,0,0,0,0,45,0,0
0,0,0,0,1445,0,3450,1292,0,0,940,0,0,0,24,0,124,0,0,2988,8179,2656,0,0,0,0,0,83715,5621,1058,0,0,0,0,0,2664,0,3,3053,68,242,17659,0,926,1419,0,1553,62,44801,28,0,542,0,11630,0,9348,0,0,0,0,0,0,405,15250,0,0,1116,39,563,425,0,0,299,0,0,69,2522,8825,0,0,1956,0,0,0,0,0,0,0,0,0,0,9,0,0,0,18,45,0,0,0,0,0,0,0,0,0,0,0,0,0,0,0,0,0,0,0,0,785,2882,843,0,0,0,0,4114,1380,143,0,220,234,1645,0,0,12,200,0,0,0,0,0,0,0,1644,27,0,0,67,41,2015,0,0,0,0,0,0,0,0,0,151,0,0,0,508,11566960,0,3585,0,0,0,0,227,0,0
0,0,542,0,1484,0,51490,18743,0,0,3274,0,0,0,2325,0,0,3097,0,0,10,38,0,0,0,0,0,9452,50039,247,0,0,0,0,0,0,0,0,26,21,1952,0,0,2630,25,0,1,113,549,4,0,104,0,4149,0,2823,0,0,0,0,0,0,2217,0,0,0,0,9992,0,144,0,0,641,0,0,32,0,73021,0,199,0,0,0,0,0,0,0,0,0,0,0,0,0,0,0,227,0,0,0,0,0,0,0,0,0,28,0,2949,3,0,0,0,0,0,0,0,0,0,82,2137,0,0,0,0,0,0,0,0,275,241,0,0,0,0,251,0,0,0,0,0,0,0,0,47797,0,0,595,15547,4752,0,0,0,0,0,0,0,0,0,142389,0,0,0,0,22785,0,0,0,0,0,0,97,0,0
0,0,0,0,0,0,40,85,0,0,329,1100,41902,0,1,0,0,0,0,0,1,6,0,0,0,0,345,1617,382,55,0,342891,6567,0,25520,0,0,7,0,0,28,1402,0,37,0,0,0,203,23681,0,0,4,0,69849,32463,366,0,4175,54950,8929,0,0,30,0,0,0,0,0,0,20,0,0,28,0,0,1,0,4176,0,0,0,0,0,0,0,0,0,0,0,1267,300,0,0,0,0,0,1,0,0,0,0,0,0,0,0,0,0,0,0,0,7612,0,0,0,0,44537,123515,0,156,39,0,0,0,0,0,0,0,0,31,100,0,0,0,0,71,0,0,734,32035,0,0,1803,0,0,0,0,0,0,102,0,0,7641,0,0,0,0,0,771,0,0,0,0,0,0,0,0,0,0,0,0,85,217,0
0,0,0,0,2,0,48680,93,0,0,341,0,0,0,34,0,0,0,0,0,4,27,0,0,0,0,0,7305,253,9,0,0,0,0,0,0,0,0,0,35,17,727,0,100,24,0,0,0,263,0,0,32,0,453,0,28270,0,0,0,0,0,0,92,0,0,0,0,0,0,37,0,0,364,0,0,4,0,1928,0,0,0,0,0,0,0,0,0,0,0,0,0,0,0,0,0,177,10,0,0,0,0,0,0,0,0,0,0,0,0,0,0,0,0,0,0,0,0,0,298,62,0,0,0,0,0,20,0,0,0,38,0,0,0,0,52,0,0,0,0,0,0,0,0,55,0,0,18,0,130,0,0,0,0,0,0,0,0,0,42,0,0,0,0,7620,0,0,0,0,0,0,271,0,0
0,0,0,0,9,0,23270,60,0,0,81,0,0,190412,0,0,0,0,0,0,0,12,0,0,32,0,0,8024,216,1,0,0,0,0,0,0,0,0,12,48,57,2200,0,1256,0,0,0,12,76,0,0,963,0,436,0,11629,0,0,0,0,0,0,20,0,0,0,0,0,0,8,0,52470,63,0,0,0,0,441,0,55,0,0,0,0,58,3542,0,238,0,0,0,0,0,0,0,0,0,0,0,0,0,0,0,0,0,0,0,0,0,0,0,0,0,241430,0,0,0,0,698,2433,0,1515,0,2479,84,0,415,0,0,0,0,0,0,0,615,0,167772,0,0,0,0,0,0,0,0,0,0,0,1403,0,0,0,1648602,0,0,0,0,0,37,0,0,0,0,63676,0,0,9356,0,0,0,172,0,0
0,0,0,0,0,0,1880,18675,0,0,128,0,0,0,26,0,0,4423,0,0,2,22,0,0,0,0,0,1545,2380,0,0,0,0,0,0,0,0,0,0,0,32,24,0,81,0,0,0,0,138,0,0,3,0,1297,0,1001,0,0,0,0,0,0,0,0,0,0,0,6142,0,39,0,0,0,0,0,0,0,2285,0,0,0,0,0,0,0,0,0,0,0,0,0,0,0,0,0,5600,0,0,0,0,0,0,0,8519,0,0,0,0,0,0,0,0,0,0,0,0,0,0,0,304,0,0,0,0,0,0,0,0,61,69,0,0,0,0,259,0,0,0,0,0,0,0,0,72867,0,0,31,2997,419,0,0,0,0,0,0,0,0,0,0,0,0,0,0,0,0,257,0,0,0,0,0,0,0
0,0,0,0,0,0,700,1542,0,0,381,0,0,0,57,0,0,0,161,0,1,0,0,0,0,0,0,1122,590,1,0,0,0,0,0,0,0,0,15,0,5258,0,0,65,0,0,0,14,367,53,0,47,0,1319,0,1621,0,0,0,0,0,0,8,0,0,0,0,0,0,1268,0,0,311,0,0,26,0,275,0,0,0,0,0,0,0,20251,0,0,0,0,0,0,0,0,75,0,128,0,0,101,0,0,0,0,0,0,0,0,0,0,0,0,0,0,0,0,0,0,450,96,0,0,0,0,0,0,0,0,334,0,0,0,0,0,20748,0,0,0,0,0,0,0,0,0,0,0,52,0,830,0,0,0,0,0,0,0,0,0,188,0,0,0,0,0,0,0,0,0,0,0,0,0,0
0,203,0,0,11,0,890,57,0,0,39,0,0,0,25,0,0,0,0,0,3,1413,0,0,0,892,0,1141,1078,29,0,0,0,0,0,0,0,25,4,12,5,0,0,188,0,0,0,16,1239,2,0,59,0,1193,0,5670,0,0,0,0,0,0,66,0,0,0,0,0,0,20,0,0,38,0,0,14,0,857,0,0,0,0,589,0,0,0,0,0,0,0,0,0,0,23,0,0,0,0,0,0,0,0,0,0,0,0,0,0,0,0,0,0,54826,0,137,0,0,0,634,139,0,0,0,0,0,0,0,0,28,61946,0,0,0,0,109,0,0,0,0,0,0,0,0,0,131,0,0,0,333,10841,0,0,0,0,0,0,0,0,0,28177,31,0,0,0,0,50,0,0,0,0,379605,1301,117799
0,0,0,0,0,0,0,29,0,0,855,0,0,0,3,0,0,0,0,0,1,0,0,0,0,0,0,534,111,1,0,7702,0,0,2369,0,0,0,0,0,4,0,0,30,0,0,0,147,11138,2,0,8,0,16426,0,207,0,11,1351,3144,527,0,121,0,0,0,0,0,0,5,0,0,8,0,199,0,0,677,0,155,0,0,0,0,0,0,0,0,0,0,317,0,0,0,0,0,0,0,1208,0,0,0,0,0,14446,0,0,0,0,0,0,0,0,0,0,0,0,0,335,19,0,0,0,0,0,0,0,0,0,35,0,0,0,0,0,0,0,0,50090,0,0,130,0,0,0,0,0,0,44,0,0,129,0,0,0,0,0,409,0,0,0,0,0,0,0,0,0,0,0,0,0,0,0
0,0,0,0,0,0,27010,98,0,0,648,0,0,0,1,0,0,0,0,0,0,0,0,0,0,1416,0,13221,2482,2,0,0,0,0,0,0,0,0,0,12,27,0,0,146,0,0,0,0,237,2,0,39,0,40988,0,40167,0,0,0,0,0,0,39,0,0,0,0,0,0,51,0,307,3163,0,0,7,0,9497,0,0,0,0,0,0,0,0,0,0,0,0,0,0,0,0,0,34,0,0,0,0,0,0,0,0,0,0,0,0,0,0,0,0,0,0,106,0,0,0,348,173,0,0,0,0,0,0,0,0,0,0,0,0,0,0,63,0,0,0,0,0,0,0,0,0,0,0,0,0,174,0,0,0,0,0,0,0,0,0,0,187,0,0,0,0,0,0,0,0,0,0,6724,0,0
0,0,0,0,0,0,1000,33,0,0,27,0,0,0,0,0,0,0,0,0,6,9,0,0,0,3459,0,699,93,1,0,0,0,0,0,0,0,0,0,10,0,0,0,80,0,0,0,27,43,0,0,14,0,99,0,15908,0,0,0,0,0,0,0,0,0,0,0,0,0,0,0,0,74,0,0,3,0,171,0,0,0,0,0,0,0,0,0,0,0,0,0,0,0,36,0,0,0,0,0,0,0,0,0,0,0,0,0,0,0,74598,0,0,0,0,369,0,0,0,281,97,0,0,0,0,0,0,0,0,0,403,0,0,0,0,28,0,0,0,0,0,0,0,0,0,0,0,0,0,79,0,0,0,0,0,0,0,0,0,0,7011,0,0,0,0,0,0,0,0,0,0,48994,13467,103281
0,0,0,0,2,0,129910,412,0,0,361,0,0,220878,2,0,0,0,0,0,7,120,0,47276,0,0,0,23038,2030,15,5327,0,0,0,0,0,0,0,4,48,336,5935,0,705,17,1594,24,2651,515,2,0,389,0,2346,0,66922,0,0,0,0,0,0,64,0,0,14957,0,0,0,117,2045,12905,4098,0,0,29,0,613,0,639,8364,0,0,0,191,1108,0,0,0,0,7026,0,901,0,0,17,4,0,0,0,0,78,54,0,0,37,0,0,0,0,0,53,0,0,0,0,0,0,3480,595,0,15575,0,0,24,41,781,78,42,43,0,0,0,0,1527,0,0,0,0,971827,116,0,0,0,0,0,0,0,1384,0,0,0,1216,0,165,0,0,0,261,0,0,0,0,59525,0,32,106,0,0,0,720,0,0
0,725,0,0,2,0,1130,157,0,0,11,0,0,0,3,0,0,0,0,0,0,48,0,0,0,1389,0,1069,282,3,0,0,0,0,0,0,0,0,0,5,22,0,0,59,0,0,0,251,112,1,0,74,0,160,0,2359,0,0,0,0,0,0,8,0,0,0,0,0,0,7,0,0,37,0,0,37,0,93,0,0,0,0,67,0,0,0,0,0,0,0,0,0,0,4,0,0,0,0,0,0,0,0,0,0,0,0,0,0,0,0,0,0,0,0,0,0,0,0,236,81,0,0,0,0,0,0,0,0,0,0,0,0,0,0,118,0,0,0,0,0,0,0,0,0,0,0,0,0,90,0,0,0,0,0,0,0,0,0,0,613,0,0,0,0,0,0,0,0,0,0,83326,630,0
0,0,0,0,1,0,0,27,0,0,1021,64618,12200,0,1,0,0,0,0,0,0,13,0,0,0,0,0,724,170,7,0,47947,8409,0,0,0,0,0,0,10,6,913,0,14,0,0,0,110,269,0,0,18,0,5087,0,193,0,4915,4919,0,0,0,25,0,0,0,0,0,0,14,0,0,126,0,0,0,0,1060,0,0,0,0,0,0,0,0,0,0,0,226,317,0,0,0,0,0,0,0,0,0,0,0,0,0,3540,35,0,0,0,0,150,0,0,0,0,0,86504,0,303,35,0,0,0,0,0,0,0,0,0,0,0,0,0,0,29,0,0,0,1589,0,0,148,0,0,0,0,0,0,30,0,2512,61126,0,25,0,0,0,0,0,0,0,0,0,0,0,0,0,0,0,0,17,0,0
0,0,0,13178,43,0,4690,7254,0,0,2577,38036,4944,0,71,1179,148,0,0,38,11,1109,0,0,0,560,0,30810,2981,12,0,37482,82748,0,0,43,0,645,3,326,495,25736,0,1118,24,0,34,762,36852,14,0,1450,0,5331,14072,192508,0,57056,3213,0,0,287,2920,0,0,0,0,29,0,1175,0,670,21433,0,0,59,0,56249,0,59,2729,0,0,0,0,1194,1515,0,0,4922,2528,13,0,0,28,0,12,0,0,0,0,0,138,0,10975,317,0,0,0,0,0,0,0,0,982,19177,0,23,6310,1012,0,0,0,0,32,0,189,0,395,235,0,0,2347,1,781,0,0,16214,797,0,0,1955,0,0,0,0,87,29,2997,0,2401,29347,0,0,0,0,485,420,292,0,0,0,0,205519,0,99,0,0,0,0,13083,508,0
0,0,0,0,91,0,830,178,0,0,56,0,0,0,28,0,9,0,0,0,95,364,0,0,0,0,0,8879,519,146,0,0,0,0,0,535,0,0,287766,12,11,1469,0,184,277,0,270,0,12892,1,0,90,0,598,0,361,0,0,0,0,0,0,164,7443,0,0,5530,0,0,23,0,0,16,0,0,5,0,1175,126,0,0,0,0,0,0,0,0,0,0,0,0,0,0,0,0,0,0,0,0,0,0,0,3572,0,0,0,0,0,0,0,0,0,0,0,0,0,0,0,402,156,0,0,0,0,10998,149,0,0,0,0,0,0,0,0,59,0,0,0,0,0,0,0,7502,0,0,0,0,0,649,0,0,0,0,0,0,0,0,0,0,0,0,0,0,241518,0,1969,0,0,0,0,87,0,0
0,0,0,2651,386,0,88480,7247,0,0,132872,0,0,0,286,236,50,0,0,0,328,3295,0,301,19,548,38,98053,26692,398,0,0,127,0,0,329,0,36,578,514,2279,134651,0,6553,562,0,570,932,46634,129,0,1331,0,40527,0,60965,0,152,0,0,0,0,3828,122,0,999,65,804,0,2709,6279,0,4875,0,0,303,4955,13032,0,449,1099,0,0,0,33,0,778,0,0,60,1570,19,0,0,131,2926,134,0,0,0,0,0,1070,0,0,396,0,138,0,0,0,0,0,0,516,0,0,248,0,7271,0,21032,556,0,411,628,476,0,2686,3493,0,0,497,380,538,0,0,0,0,0,0,0,32,770,0,2890,453,417,8700,0,0,0,630,54,0,0,0,0,21587,0,223,0,0,89773,0,654,0,0,0,0,15904,0,0
0,0,0,0,58,0,4370,827,0,0,1291,0,0,13534,92,0,11,0,58,0,83,569,0,0,0,337,0,4682,2081,208,0,0,0,0,0,77,0,0,75,213,113,8544,0,19447,52,0,162,114,14587,150,0,1591,0,3763,0,16233,0,0,0,0,0,0,528,0,0,0,0,112,0,1164,0,0,299,0,0,1005,0,1981,0,98,416,0,0,0,0,0,0,0,0,0,298,0,116,0,1142,115,192,0,0,0,0,0,177,0,0,62,0,0,0,0,0,0,0,0,53,0,0,0,2500,0,0,0,0,0,65,98,642,0,1585,292,0,0,0,3,687,0,0,0,0,0,0,0,0,142,0,0,563,0,43430,0,0,0,664,0,0,0,0,0,3514,0,0,0,0,26238,0,85,0,0,0,0,882,0,0
0,0,0,23410,0,0,27240,502,0,0,1417,0,0,36938,5,2095,0,0,0,0,5,50,0,5232,679,0,0,8796,811,6,0,0,0,0,0,0,0,0,8,61,106,3793,0,1522,0,0,0,0,2594,20,0,1188,0,1225,0,48686,0,0,0,0,0,0,51,0,0,9141,0,0,0,56,0,563154,133,0,0,96,0,1775,0,410,0,0,0,0,50,8563,1850,0,0,0,0,0,337,0,0,20,14,0,0,0,0,0,0,0,0,0,0,0,0,0,0,0,0,196194,0,0,0,0,1346,724,0,1017,0,0,0,0,67,0,58,468,0,0,66011,0,171,0,299632,0,0,0,0,0,0,0,0,0,0,0,708,0,0,0,10345,0,0,0,0,0,0,0,0,0,0,46177,0,0,1944,0,0,0,101,0,0
0,0,0,0,11,0,517810,379,0,0,234,0,0,0,21,0,22,0,0,0,55,271,0,200,23,0,0,11560,1607,87,0,0,0,0,0,48,0,0,17,99,114,3134,0,751,0,0,77,87,821,11,0,186,588,1810,0,59885,0,0,0,0,0,0,502,0,0,2201,0,115,0,176,0,0,2223,0,0,49,0,901,0,144,3250,0,0,0,0,1780,0,0,0,0,0,1,110,0,0,15,14,0,0,0,0,21,103,0,0,40,0,0,0,0,0,0,0,2049,50,0,0,0,3633,527,0,0,0,0,43,87,378,1754,110,39,0,0,0,0,85,0,0,0,0,3386,79,0,0,25,0,0,28,24,1011,21,0,0,1665,115,171,0,0,0,286,0,0,0,0,28435,0,17,0,299,1551,0,2474,0,0
0,0,0,0,0,0,1250,27,0,0,10,0,0,0,2,0,0,0,0,0,0,19,0,0,0,0,0,1569,75,3,0,0,0,0,0,0,0,0,3,68,0,0,0,18,0,0,0,510,20,0,0,6,0,101,0,3055,0,0,0,0,0,0,5,0,0,0,0,0,0,17,0,0,48,0,0,0,0,52,0,1435,0,0,0,0,0,0,0,0,198,0,1502,0,325,0,0,0,0,0,0,0,0,0,0,0,0,0,0,0,0,0,0,0,0,0,0,0,0,0,427,35,0,0,0,0,0,0,401,0,0,0,0,9426,0,0,51,0,0,0,0,0,0,0,0,0,0,0,0,0,37,0,0,0,0,39,0,0,0,0,24,0,0,0,0,0,0,0,0,0,0,0,26,0,0
47984,0,0,836310,5,0,30600,4116,0,0,3808,0,0,0,39,74535,0,0,45,0,20,255,0,804,20,527,0,156773,3788,98,3827,0,0,0,0,39,0,0,9,554,380,48502,0,11543,75,0,36,581,56836,32,0,1397,1771,21983,0,481113,0,55,0,0,0,0,31981,23,0,7398,0,0,0,232,7428,1147382,9025,28689,680,27,0,84778,0,7335,10299,0,0,0,45,7745,225431,0,1013,0,2181,17,809,223,63,0,35,0,0,0,0,133,144,0,0,170,3102,0,17,1235,0,163,0,25702,166,0,0,0,11251,17220,1292,2558,86029,0,71,67,491,0,221,1708,0,0,145204,1,714,0,938913,0,0,108812,0,0,0,0,0,0,69,19,10265,0,0,0,2171,99,234,0,0,0,1125,635,697,0,0,287826,0,13,490,0,0,0,7909,0,0
0,0,0,0,160,0,210,53,0,0,45,0,0,0,6,0,48,0,0,0,94,516,0,0,0,0,0,2569,388,313,0,0,0,0,0,1929,0,0,11250,21,24,710,0,69,717,0,663,0,4381,0,0,22,0,472,0,685,0,0,0,0,0,0,160,261,0,0,284,0,0,26,0,0,16,0,0,6,0,1021,76,0,0,0,0,0,0,0,0,0,0,0,0,27,0,0,0,0,0,0,0,0,0,0,1766,0,0,0,0,0,0,0,0,0,0,0,0,0,0,376,262,52,0,0,0,0,0,319,0,0,34,30,0,0,0,0,24,0,0,0,0,0,0,0,433,0,0,0,0,0,263,0,0,0,0,0,0,0,0,0,0,0,0,0,0,102223,0,876,0,0,0,0,47,0,0
0,0,0,0,169262,0,9620,1443,0,0,1010,0,0,0,20,0,290,0,0,0,9691,14890,0,0,0,0,0,26933,8289,152768,11716,0,0,0,0,4708,0,3,3726,35,168,17949,0,991,1353,0,9422,0,197827,15,0,425,0,10800,0,6933,0,0,0,0,0,0,297,397,0,0,274,85,646,219,0,0,124,0,0,73,2366,116018,0,0,54636,0,0,0,0,0,0,0,0,0,0,0,0,0,0,65,8,0,0,0,0,0,5886,0,0,26,0,0,0,0,0,0,0,0,0,0,0,212,3453,1170,0,0,0,0,3654,0,110,0,116,252,0,0,0,0,271,0,0,0,0,0,0,0,224,51,0,0,45,39,6738,0,0,0,0,0,0,0,0,0,52,0,0,0,1110,407435,0,43607,0,0,0,0,162,0,0
0,0,0,474063,58,0,183780,11847,0,0,3098,0,0,0,34,42281,1031,0,0,0,40,354,0,13176,18,0,0,487954,11417,122,63493,0,0,0,0,90,0,0,137,7690,323,54376,0,9396,48,0,86,1030,38863,17,0,1979,0,14074,0,124236,0,23,0,0,0,0,8656,58,0,115475,0,75,0,250,3636,0,14989,0,0,1436,0,143432,0,8661,210181,0,0,0,169,36758,112782,0,1197,0,3912,0,0,0,0,124,5,11027,0,0,0,1018,499,0,0,446,0,0,138,0,0,0,0,20798,246,0,0,0,10636,13458,0,26902,15904,0,1363,298,0,1439,202,419,0,0,107963,0,144,0,404010,0,0,12820,129,0,18,45,0,0,24,68,9826,0,0,0,1213,0,726,0,334,0,578,0,0,0,0,1751981,0,152,94,0,0,0,1186,0,0
0,0,0,0,0,0,0,51,0,0,1,0,0,0,3,0,0,0,0,0,1,0,0,0,0,0,0,525,222,2,0,0,0,0,0,0,0,0,0,0,3,0,0,8,0,0,0,0,28,1,0,8,0,25,0,1069,0,0,0,0,0,0,4,0,0,0,0,0,0,1,0,0,13,0,0,0,0,32,0,0,0,0,0,0,0,0,0,0,0,0,0,0,0,0,0,0,0,0,0,0,0,0,0,0,0,0,0,0,0,0,0,0,0,0,0,0,0,0,134,0,0,1309,0,0,0,0,59,0,0,0,0,0,0,0,0,0,0,0,0,0,603,0,0,0,0,0,0,0,25,0,0,0,0,0,0,0,0,0,0,0,0,0,0,0,0,0,0,63,48,0,47,0,0
0,0,0,0,6339,0,58940,56421,0,0,42871,0,0,0,1146,0,18,0,456,0,187,3452,0,0,0,0,0,149987,22466,270,0,0,0,0,0,238,0,0,298,755,18583,1865829,0,27062,42,0,215,357,74330,599,0,2891,0,103216,0,625807,2885,39,0,0,0,0,16007,0,0,0,0,732,0,4045,0,0,124820,0,0,10299,57485,118621,0,183,978,27476,0,3639,0,0,0,0,0,0,602,0,0,0,2633,2065,1233,0,0,230,0,0,849,93,0,232,0,94,11,0,0,0,0,0,168,0,0,0,58215,49518,0,1983,0,0,167,184,108,0,0,859,894,0,0,406,28661,0,0,0,0,0,0,0,0,680,0,0,5564,412,70253,0,0,0,0,40,0,0,0,0,3377,0,0,3068,1045,463202,0,860,0,0,0,0,7800,0,0
0,11125,0,0,4299,0,18470,1473,0,0,32919,0,0,0,95,0,15,0,0,0,150,136775,0,0,0,400,0,136304,175197,153,0,0,0,0,1084,107,0,1116,77,68,130,95183,0,1205,101,0,252,43,134592,43,0,372,0,659295,0,88094,0,0,834,0,776,0,332,25,0,107,0,50,0,330,0,162,2434,0,0,619,0,6414,0,0,465,0,0,0,0,0,0,0,0,0,0,0,13,0,59,62068,52,1456,0,116,0,0,440,0,0,54,0,0,0,4256,0,0,0,0,433,0,0,0,14679,1107,0,0,0,0,216,120,59,0,142,0,0,0,0,569,228,0,0,0,0,0,0,0,12,40,134,0,131,39,2936,0,0,0,491,0,318,0,0,0,221,0,0,0,502,377180,0,53028,0,0,0,0,35850,0,0
0,0,0,0,588452,0,450,195,0,0,133,0,0,0,2,0,0,0,0,0,3681,38911,0,0,0,0,0,7470,868,746,0,0,0,0,0,202,0,0,82,10,31,4919,0,66,24,0,167,0,80087,0,0,14,0,955,0,727,0,0,0,0,0,0,81,51,0,0,25,0,0,20,0,0,26,0,0,3,0,2636,0,0,0,0,0,0,0,0,0,0,0,0,0,0,0,0,0,0,1,0,0,0,0,0,506,0,0,0,0,0,0,0,0,0,0,0,0,0,0,0,177,137,0,0,0,0,103,505,0,0,0,48,0,0,0,0,36,0,0,0,0,0,0,0,11,0,0,0,0,0,180,0,0,0,0,0,0,0,0,0,0,0,0,0,1459,29749,0,215,0,0,0,0,95,0,0
0,0,0,48946,0,0,3070,237,0,0,336,0,0,0,0,4364,0,0,0,0,11,0,0,0,0,0,0,7534,157,429,0,0,0,0,0,0,0,0,0,387,106,0,0,0,18,57565,67,126871,0,1,0,30,0,918,0,0,0,0,0,0,0,0,1023,40,0,0,110,43,0,105,0,0,66,0,12956,0,0,391,0,1760396,0,0,0,0,0,0,12410,0,530550,0,253786,0,0,0,0,0,1,0,0,0,0,0,28,0,0,50,0,0,0,0,160,0,0,0,0,0,0,0,0,2668,0,0,0,0,143,0,0,0,0,0,0,0,7243,25,556,0,0,0,0,0,0,0,44,78,0,0,30,0,3444,0,0,0,14,0,0,0,0,414,793,0,0,1508,0,29679,0,454,0,0,0,3792,81,0,0
0,0,0,2244,0,0,690,22,0,0,0,0,0,0,8,201,0,0,0,0,1,0,0,0,0,0,0,1715,60,17,0,0,0,0,0,0,0,0,3,12,6,0,0,69,0,0,0,376,52,1,0,13,0,137,0,2409,0,0,0,0,0,0,1127,0,0,0,0,0,0,33,0,0,34,0,0,2,0,80,0,504,0,0,0,0,0,0,223,0,0,0,1255,0,270,0,0,0,0,0,0,0,0,0,0,0,0,0,0,0,0,0,0,0,0,0,0,0,0,0,56,32,0,0,170,0,0,0,119,0,26,0,0,10211,0,0,25,0,0,0,0,0,0,0,0,0,0,0,0,0,74,0,0,0,0,0,0,0,0,0,30,0,0,0,0,0,0,0,0,0,0,0,0,0,0
0,0,0,0,1074,0,16710,60079,0,0,26252,0,0,0,5792,0,94,409,20,0,62,1691,0,0,0,0,0,81471,12636,219,0,0,0,0,0,207,0,0,98,5771,3909,570525,0,6472,41,0,208,228,727521,64,0,1734,0,83011,0,79580,432,0,0,0,0,0,47206,0,0,0,0,496,0,214976,0,0,19499,0,0,207,100528,1021438,0,611,0,0,0,546,0,0,0,0,0,0,529,0,0,0,213,1140,310,0,0,1490,0,0,397,22,0,631,0,101,0,0,0,0,0,0,30,0,0,0,11094,4390,0,2267,0,0,154,170,34,0,2573,20079,0,0,0,0,3837,0,0,0,0,0,0,0,0,3691,0,0,6731,306,19741,0,0,0,0,0,0,0,0,0,20512,0,0,0,547,161526,0,825,0,0,0,0,1280,0,0
0,0,0,0,1878,11216,20770,26481,30151,0,12749,0,0,0,17940,0,52,179,688372,0,282,1375,0,0,0,0,156,73194,16367,360,2575,0,0,0,1938,628,0,672,590,13876,28721,1044503,0,4971,457,1458,1028,7038,58461,154721,0,59355,0,59160,0,37824,100314,55,1685,0,0,0,55380,0,0,86,18,1303,0,4513,0,1398,6432,0,272,304,111148,80736,0,1344,7814,2211875,0,126580,33,3592,0,0,186,0,6427,0,147,0,70305,256,163606,0,0,65379,0,0,1572,199,661,883,0,823,2433,0,60,43,0,0,454,0,0,180,35615,13813,0,5070,0,0,848,582,65,26,39565,5006,0,0,0,7333,0,0,0,0,0,0,0,68,17,3012,0,0,2287,1006,15511,0,0,0,0,239484,0,0,0,0,19647,0,318,3265811,0,385620,0,636,0,0,0,0,2686,0,0
0,871,0,0,0,0,590,181,0,52794,3329,0,0,0,2,0,0,0,0,0,1,13,0,0,0,0,0,5256,926,3,0,0,0,124070,18900,0,0,0,1,0,5,1193,0,324,0,0,0,42,254,1,122,249,0,5726,124,4257,0,311,0,0,0,0,99,0,0,0,0,0,0,18,0,0,78,0,0,1,0,778,0,0,0,0,6201,0,0,0,0,0,0,0,0,0,0,0,0,17,0,0,0,0,0,0,0,0,0,0,0,0,0,0,0,0,4631,0,358,0,0,0,1145,533,0,0,0,0,0,0,0,0,0,0,0,0,0,0,45,0,0,0,0,0,0,0,0,0,0,0,0,0,397,121,0,746,4,0,0,0,0,0,0,5246,76836,0,0,0,0,0,0,0,0,0,3426,7462,0
0,0,0,5524,80,0,12600,408,0,0,42,0,0,0,32,492,0,0,0,0,11,325,0,0,0,0,0,22494,846,11,0,0,0,0,0,66,0,0,13,249,62,3621,0,249,17,7137,61,7693,527,1,0,254,0,2301,0,32177,0,0,2406,0,0,0,435,28,0,0,0,0,0,325,2045,4643,420,0,672,3,0,962,0,11346,0,0,0,0,0,0,1713,0,1567,0,31464,0,1280,0,0,0,2,0,0,0,0,0,106,0,0,25,0,0,0,0,304,0,0,0,0,0,0,0,1433,371,0,1285,736,0,43,31,722,0,181,0,0,21993,1054,0,214,0,0,0,1340,0,0,0,0,0,0,0,28,0,1658,0,0,0,1,0,0,0,0,0,4347,0,0,0,0,33019,0,1494,0,0,0,0,490,0,0
0,0,0,111835,8,0,25460,543,0,0,405,0,0,0,35,9955,0,0,0,0,2,37,0,0,0,0,22388,13620,954,2,0,0,0,626,0,0,0,0,1,554,61,0,0,673,0,2903,0,26632,396,4,17102,0,0,2966,0,17588,0,21,0,0,0,0,1896,0,0,0,0,66,0,173,0,0,576,0,3782,0,0,2914,0,5066,0,0,7459,0,0,0,41140,0,700,0,12797,0,0,0,0,0,1,0,0,0,0,0,0,0,0,218,0,0,0,0,0,0,0,0,199,522,0,0,4448,1069,0,0,6978,0,0,0,61,0,117,0,0,0,22272,0,254,0,301500,0,0,0,0,0,0,0,0,0,0,14,1766,0,293127,0,1,0,0,0,0,0,353,0,166124,0,0,39867,0,0,0,0,0,23170,2348,0,0
0,0,0,0,0,0,390,286,0,0,1407,0,3857,0,9,0,0,0,0,0,7,184,0,0,0,0,0,5528,1994,3,0,18294,2524,0,9981,0,0,1423,1,10,51,4029,0,132,0,0,0,399,56348,2,0,127,0,108968,17951,1902,0,61,23921,114333,10455,0,654,0,0,0,0,0,0,24,0,0,22,0,0,14,0,84801,0,0,0,0,0,0,0,0,0,0,0,342,994,0,0,0,0,20,0,0,1370,0,0,0,32,0,5099,0,0,0,0,0,38381,0,0,0,30,1134,0,175,919,177,0,0,0,0,0,0,0,0,91,1833,0,0,0,0,71,0,0,0,0,0,0,679,0,0,0,0,0,0,534,0,0,895,0,0,0,0,0,317,65,0,0,0,0,30037,0,13,0,0,0,0,2178,142,0
0,0,0,0,2,0,53560,245,0,0,184,0,0,9063,7,0,0,0,0,0,1,114,0,1509,17,0,0,11842,1588,36,0,0,0,0,0,0,0,0,8,35,31,2758,0,681,0,0,0,135,421,3,0,155,0,2111,0,40369,0,0,0,0,0,0,84,0,0,9675,0,0,0,83,20346,4386,211,0,0,14,0,567,0,0,2512,0,0,0,136,0,0,0,0,0,594,0,597,0,0,0,5,0,0,0,0,70,47,0,0,29,0,0,0,0,0,0,0,76095,0,0,0,0,3138,595,0,5152,0,0,39,0,807,51,0,25,0,0,0,0,49,0,0,0,0,0,0,0,0,0,0,0,0,0,772,0,0,0,675,0,72,0,0,0,195,0,0,0,0,27436,0,17,1451,0,0,0,720,0,0
0,0,0,0,0,0,1940,12,0,0,0,0,0,0,0,0,0,0,0,0,1,0,0,0,0,0,0,0,0,0,0,0,0,0,0,0,0,0,0,0,0,0,0,3,0,0,0,0,0,0,0,4,683,3,0,325,0,0,0,0,0,0,0,0,0,0,0,0,0,0,0,0,2,0,0,1,0,4,0,0,0,0,0,0,0,0,0,0,0,0,0,0,0,0,0,0,0,0,0,0,0,0,0,0,0,0,0,0,0,0,0,0,0,0,0,0,0,0,0,0,0,0,0,0,0,0,0,218,0,0,0,0,0,0,0,0,0,0,0,0,0,0,0,0,0,0,0,0,0,0,0,0,0,0,0,0,0,0,0,0,0,0,0,0,0,0,0,113,13,0,0,0,0
0,0,0,0,0,0,3350,229,0,0,651,0,0,0,1,0,0,0,0,0,2,6,0,0,0,0,0,2438,290,1,0,635,0,0,0,0,0,14,0,5,11,3148,0,331,0,0,0,59,1204,0,0,112,0,1203,0,22504,0,1939,13557,2249,766,0,179,0,0,0,0,0,0,30,0,0,192,0,0,13,0,1377,0,0,0,0,0,0,0,0,0,0,0,12578,211,0,0,0,0,0,1,0,0,0,0,0,0,0,8475,0,0,0,0,0,0,0,0,0,163,0,3126,0,4539,468,0,0,0,0,0,0,0,0,0,48,0,0,0,0,0,0,0,0,14007,0,0,0,0,0,0,0,0,0,687,0,0,93,0,0,0,0,0,0,0,0,0,0,0,32880,0,0,0,0,0,0,377,0,0
0,0,0,0,73,0,11000,58,0,0,95,0,0,0,7,0,67,0,0,7486,109,226,0,0,0,0,0,43516,632,142,0,0,0,0,0,358,0,0,13688,12,11,1287,0,74,253,0,359,200,7951,2,0,50,0,1030,0,846,0,0,0,0,0,0,51,16691,0,0,6303,0,0,13,0,0,26,0,0,11,0,12462,135,0,0,0,0,0,0,0,0,0,0,0,628,0,0,0,0,0,0,0,0,0,0,0,8864,0,0,0,0,0,0,0,0,0,0,0,0,0,0,2267,347,156,0,0,0,0,2747,100,0,0,0,76,0,0,0,0,0,0,0,0,0,0,0,0,0,0,0,0,0,0,2677,0,0,0,0,0,0,0,0,0,0,0,0,0,0,1133462,0,967,0,0,0,0,0,0,0
0,0,0,0,0,0,36320,166876,0,0,2225,0,0,0,2209,0,0,10280,34,0,18,429,0,0,0,0,0,32087,143493,0,0,0,0,0,0,0,0,0,0,2703,781,103119,0,1581,69,0,0,0,3726,13,0,86,0,78304,0,8019,0,0,0,0,0,0,4478,0,0,0,0,51856,0,24763,0,0,0,0,0,318,0,45573,0,131,0,0,0,0,0,0,0,0,0,0,0,0,0,0,0,3881,6,0,0,0,0,0,58,16538,0,513,0,17454,0,0,0,0,0,0,0,0,0,0,51863,2295,0,555,0,0,22,0,0,0,1073,46,0,0,0,1968,0,0,0,0,0,0,0,0,0,0,0,0,1547,23127,5324,0,0,0,0,0,0,0,0,0,0,0,0,0,0,26192,0,783,0,0,0,0,3054,0,0
0,6536,0,0,0,0,0,2,0,0,9,0,0,0,0,0,0,0,0,0,0,58,0,0,0,0,84,0,49,7,0,0,0,0,0,0,0,1649,0,0,2,0,0,0,0,0,0,0,203,0,0,0,0,207,3830,915,0,0,0,0,0,1194,7,0,0,0,0,0,0,0,0,0,0,0,0,0,0,74,0,0,0,0,0,0,0,0,0,0,0,0,0,0,0,0,0,0,0,0,0,0,0,0,0,0,0,0,0,0,0,0,0,0,0,0,0,0,0,0,143,0,0,0,0,0,0,0,0,0,0,15804,0,0,0,0,0,0,0,0,0,0,0,0,0,0,0,0,0,0,0,0,0,37,0,0,0,0,0,0,0,0,0,0,0,0,0,0,0,0,0,0,0,0,0
0,0,0,0,5,0,100,17,0,0,247,0,0,0,1,0,0,0,0,0,0,270,45,0,0,0,0,889,92,2,0,0,0,0,0,0,0,0,20,5,7,0,0,29,26,0,0,0,196,1,0,3,0,22541,0,425,0,0,0,0,0,0,9,0,3920,0,0,0,0,0,0,0,12,0,0,0,0,50,0,0,0,0,0,0,0,0,0,0,0,0,0,40,0,0,0,0,0,0,0,0,0,0,0,0,0,0,0,0,0,0,0,0,0,0,0,0,0,0,187312,39,0,0,0,0,0,0,123,0,0,0,0,0,0,0,0,0,0,0,0,0,0,0,0,0,0,0,0,0,32,0,0,0,0,0,0,0,0,0,0,0,0,0,0,13853,0,48,0,0,0,0,0,0,0
0,0,0,0,0,0,6000,23230,0,0,4043,0,0,0,278,0,0,3409,25,0,17,210,0,0,0,0,0,13100,10612,32,0,0,0,0,0,0,0,0,22,145,70286,41428,0,886,0,0,34,59,7312,15,0,121,0,4117,0,60334,0,0,0,0,0,0,882,0,0,0,0,640,0,22187,0,0,11589,0,0,236,0,10994,0,52,0,0,0,0,0,0,0,0,0,0,0,0,0,0,34,464,56,0,0,0,0,0,103,34,0,95,0,54,3,0,0,0,0,0,0,0,0,0,219,2048,0,0,0,0,30,0,0,0,1344,82,0,0,0,0,1798,0,0,0,0,0,0,0,0,488,0,0,0,468,1213,0,0,0,0,0,0,0,0,0,310,0,0,0,0,0,0,22,0,0,0,0,334,0,0
0,0,0,0,807,0,8400,15311,0,0,762,0,0,0,34,0,0,1973,0,0,8,175,0,0,0,0,49,8223,3333,24,0,0,0,0,0,27,0,0,0,16,222,38414,0,239,0,0,0,0,1011,8,0,27,0,2397,0,2046,0,0,0,0,0,0,133,0,0,0,0,19463,0,414,0,0,206,0,0,30,0,4698,0,0,0,0,0,0,0,0,0,0,0,0,0,0,0,0,0,317,11,0,0,0,0,0,51,237,0,20,0,1438,0,0,0,0,0,0,0,0,0,0,73,188,0,0,0,0,0,27,0,0,158,50,0,0,0,0,344,0,0,0,0,0,0,0,0,11183,0,0,255,0,983,0,0,0,0,0,0,0,0,0,144,0,0,0,0,6049,0,97,0,0,0,0,0,0,0
0,0,0,0,203,0,10060,3036,0,0,4404,0,0,0,117,0,27,0,324,0,252,629,0,0,22,376,14,7262,8681,764,0,0,0,0,0,170,0,0,135,973,348,19324,0,21613,70,0,240,332,18133,451,0,32614,0,9301,0,31204,0,0,0,0,0,0,5538,41,0,0,22,624,0,1534,0,0,1829,0,0,1885,667,6410,0,203,1553,0,0,0,0,0,0,0,0,225,664,0,127,0,307,1350,449,0,0,0,0,24,415,0,0,433,0,144,0,0,0,0,0,0,101,0,0,31,4088,41781,0,1273,0,0,181,261,596,0,1355,709,0,0,0,146,467,0,0,0,0,0,0,0,34,1219,0,0,211,421,0,0,0,0,645,0,0,0,0,0,5276,0,0,0,0,45931,0,116,0,0,0,0,192,0,0
0,0,0,0,0,0,350,20,0,0,0,0,0,0,3,0,11,0,0,0,0,0,0,0,0,524,0,321,90,2,0,0,0,0,0,0,0,0,1,0,0,0,0,47,0,0,0,0,0,0,0,10,0,19,0,1421,0,0,0,0,0,0,22,0,0,0,0,0,0,0,0,0,21,0,0,0,0,36,0,0,0,0,0,0,0,0,0,0,0,0,0,0,0,36,0,0,0,0,0,0,0,0,0,0,0,0,0,0,0,0,0,0,0,0,196,0,0,0,76,0,0,0,0,0,0,0,0,0,0,511,0,0,0,0,0,0,0,0,0,0,0,0,0,0,0,0,0,0,25,0,0,0,0,0,0,0,0,0,75,86,0,0,0,0,0,0,0,0,0,0,59752,0,0
0,26,0,4493,0,0,40,11,0,0,168,596,0,0,5,401,0,0,0,0,0,0,0,0,0,0,11488,763,260,11,0,0,56426,0,7949,0,0,0,0,0,7,306,0,15,3,0,0,313,95,0,0,7,0,6858,2663,331,0,13,0,0,0,0,19,0,0,0,0,0,0,1,0,0,10,0,0,0,0,563,0,59,0,0,0,0,0,0,1136,0,0,0,763,0,0,0,0,0,0,0,0,0,0,0,0,0,0,0,0,0,0,0,51,0,0,0,0,745,22387,0,100,23,0,0,0,0,0,0,0,0,0,0,0,0,663,0,149,0,0,71202,0,0,0,0,0,0,0,0,116,0,54,0,0,633,0,0,0,0,0,0,0,0,0,0,0,0,0,0,0,0,0,0,0,0,0
0,0,0,0,0,0,300,187,0,0,2289,41033,14721,0,0,0,0,0,0,0,1,9,0,0,0,0,10,2477,1588,12,0,48472,0,0,1834,0,0,0,0,0,13,13776,0,142,0,0,0,0,486,0,0,54,0,21968,13546,1552,0,73815,5184,0,0,0,14,0,0,0,0,0,0,8,0,0,112,0,0,2,0,5151,0,0,0,0,0,0,0,0,0,0,0,365,0,0,0,0,0,0,0,0,0,0,0,0,0,0,6167,0,0,0,0,0,162,0,0,0,0,9572,113334,0,1183,95,0,0,0,0,0,0,0,0,0,66,0,0,0,0,0,0,0,0,1570,0,0,37,0,0,0,0,0,0,309,0,0,0,2,0,0,0,0,0,0,0,0,0,0,0,0,0,0,0,0,0,0,0,0
0,0,0,10763,60,0,51600,4792,0,0,3140,0,0,9975,12,960,0,0,0,0,8,456,0,14083,58,0,0,14552,17011,22,13201,0,0,0,0,0,0,0,7,279,520,73470,0,10771,0,0,0,1011,1630,15,0,7062,0,16780,0,42184,0,0,0,0,0,0,386,0,0,18795,0,0,0,717,20346,0,524,0,0,1084,0,9864,0,233,41279,0,0,0,34143,25642,2383,1608,0,0,2528,0,271,0,0,114,13,894,0,0,0,111,117,0,0,100,0,0,0,0,0,0,0,7928,74,0,0,0,12062,13089,0,7012,0,0,122,20,335,0,102,241,0,0,1916,0,213,0,0,0,0,15658,0,0,0,0,0,0,50,213,31378,0,0,0,0,0,148,0,0,0,144,0,0,0,0,212387,0,66,9570,0,0,0,693,0,0
23991,0,0,0,0,0,110,243,261,0,62,0,0,0,115,0,0,0,5729,0,1,7,0,0,0,0,0,1069,140,1,0,0,0,0,0,0,0,0,0,10,294,28019,0,25,0,0,0,122,55,403,0,37,0,226,0,405,1980,0,0,0,0,0,99,0,0,0,0,0,0,18,0,0,21,0,0,4,1828,186,0,0,0,14870,0,2498,0,0,0,0,0,0,602,0,0,0,392,0,669,0,0,0,0,0,0,0,0,0,0,0,0,0,0,0,0,0,0,0,0,0,27,92,0,0,0,0,0,0,0,0,60,0,0,0,0,0,457775,0,0,0,0,0,0,0,0,0,0,0,0,0,213,0,0,0,0,0,0,0,0,0,263,0,0,29270,0,3633,0,0,0,0,0,0,0,0,0
0,0,0,0,0,0,10600,0,0,0,0,0,0,0,0,0,0,0,0,0,0,49,0,0,0,0,0,0,0,0,0,0,0,0,0,0,0,8,0,0,0,0,0,0,0,0,0,0,0,0,0,0,0,11,0,1788,0,0,0,0,0,0,222,0,0,0,0,0,0,0,20346,0,3,0,0,0,0,79,0,0,0,0,0,0,0,0,0,0,0,0,0,0,0,0,0,0,0,0,0,0,0,0,0,0,0,0,0,0,0,0,0,0,0,0,0,0,0,0,0,0,0,0,0,0,0,0,139,0,0,1516,0,0,0,0,0,0,0,0,0,0,0,0,0,0,0,0,0,0,0,0,0,0,0,0,0,0,0,0,0,0,0,0,0,0,0,0,0,0,0,0,0,0,0
0,0,0,0,0,0,10070,6,0,0,0,0,0,0,2,0,0,0,0,0,0,0,0,0,0,0,0,92,0,168,0,0,0,0,0,0,0,0,0,0,0,0,0,11,0,0,0,0,0,1,0,1,1293,89,0,267,0,0,0,0,0,0,0,0,0,0,0,0,0,0,0,0,1,0,0,1,0,21,0,0,0,0,0,0,0,0,0,0,0,0,0,0,0,0,0,0,0,0,0,0,0,0,0,0,0,0,0,0,0,0,0,0,0,0,0,0,0,0,0,0,0,21630,0,0,0,0,0,27,0,0,0,0,0,0,0,0,0,0,0,0,0,0,0,0,0,0,0,0,27,0,0,0,0,0,0,0,0,0,0,0,0,0,0,15757,0,0,0,29,80,0,0,0,0
0,0,0,0,34,0,1690,59,0,0,0,0,0,0,0,0,360,0,0,0,4,186,1419,0,0,0,0,66826,290,7,0,0,0,0,0,35,0,0,34,16,4,886,0,162,22,0,31,0,182,2,0,27,0,380,0,22579,0,0,0,0,0,0,18,0,751,0,0,0,0,14,0,0,109,0,0,3,0,167,2349,0,0,0,0,0,0,0,0,0,0,0,0,738,0,0,0,0,2,0,0,0,0,0,27,0,0,12,0,0,0,0,0,0,0,0,0,0,0,0,524,335,0,0,0,0,101,0,0,0,0,0,0,0,0,0,0,0,0,0,0,0,0,0,0,0,0,0,0,0,293,0,0,0,0,0,0,0,0,0,0,0,0,0,0,228508,943,2724,0,0,0,0,21,0,0
0,0,0,4932,45,0,590,3155,0,0,3945,0,0,0,76,440,0,0,0,0,1,79,0,0,0,0,0,11721,9491,10,0,0,0,0,0,0,0,0,4,38,555,39955,0,886,0,0,0,735,2644,7,0,582,0,359248,132,5882,0,0,0,0,0,0,650,0,0,0,0,0,0,189,0,0,98,0,311,16,22828,107653,0,585,0,0,0,0,0,0,1256,0,0,0,2736,0,0,0,0,88,2,0,1956,0,0,0,0,0,0,300,0,0,0,0,247,0,0,0,0,0,0,0,4332,859,0,0,0,0,0,0,560,0,425,121,0,606,910,5,329,0,0,0,0,0,0,0,0,41,0,0,118,40,4065,0,0,0,0,0,0,0,0,0,505,0,0,0,0,8091,0,13,0,0,0,0,91,0,0
0,0,1990,32055,633,1250,39830,158045,2224,0,39354,0,0,0,3791,2853,0,0,23,0,32,359,0,0,0,0,8,26370,71894,157,0,0,0,0,0,44,0,0,8,653,924,1600822,0,33760,29,0,0,841,3276,87,0,5379,0,274965,0,89865,944,0,0,0,0,0,34223,22,0,0,0,85,0,2134,0,109,479,2472,17502,62,27111,20487,0,2312,0,44089,0,1191,0,0,10463,0,319,0,2249,0,45,0,75,132,106,0,0,203,0,0,270,19770,0,214,0,79,180,0,0,0,0,0,35,0,0,0,197219,10475,0,0,0,0,96,49,866,0,906,262,0,0,6249,3060,10045,0,0,0,0,0,0,0,0,397,0,0,253,98,42527,0,0,0,1,810,0,0,0,0,0,0,0,1351,0,97108,0,123,0,0,0,0,894,0,0
0,0,0,0,1,0,3810,134,0,22974,209,0,0,0,13,0,0,0,0,0,4,87,0,0,0,2233,0,19337,756,6,0,0,0,0,0,0,146,0,4,155,21,0,0,1011,0,0,0,137,293,4,0,447,0,595,0,34441,0,7,0,0,0,0,404,0,0,0,0,0,0,57,0,0,122,0,0,21,0,1604,0,0,0,0,39120,0,0,0,0,0,0,0,235,0,0,83,0,0,1,0,0,0,0,0,0,0,0,0,0,0,0,7367,0,0,9620,0,1098,0,0,0,1545,844,0,0,0,0,0,0,0,28,72,61,0,0,0,0,213,43060,0,0,0,0,0,0,0,0,0,0,0,0,1416,0,0,0,0,0,0,0,0,0,219,0,25473,0,0,31939,0,0,0,0,0,0,7535,5918,0
0,0,0,0,1,0,2890,234,0,731,240,0,0,0,5,0,11,0,0,0,0,64,0,0,0,1238,0,11803,676,2,0,0,0,33,0,0,0,0,9,21,23,2506,0,1377,0,0,0,82,195,2,178,137,0,537,0,58257,0,0,0,0,0,0,143,0,0,0,0,0,0,32,0,739,146,0,0,22,0,967,0,0,0,0,326978,0,0,0,0,0,0,0,0,0,0,134,0,0,2,0,0,0,0,0,0,0,0,0,0,0,0,0,0,0,0,0,481,0,0,0,1175,839,0,0,0,0,0,0,0,0,65,24,0,0,0,0,80,92808,0,2079,0,0,0,0,0,0,0,0,0,0,3013,48,0,0,0,0,0,0,0,0,0,6938,0,0,0,32926,0,0,0,0,0,0,3916,456,0
0,0,0,0,3820,1657,16380,7038,2953,0,2999,0,0,0,5631,0,17,0,227722,0,98,727,0,0,0,0,0,65417,6269,98,0,0,0,0,0,211,0,21,153,3496,125343,252446,0,6508,72,0,276,161,79843,23350,0,1003,0,14681,0,20842,24030,0,293,0,0,0,19883,0,0,0,0,753,0,29212,0,0,4468,0,0,214,131007,222203,0,892,0,317803,0,30323,0,0,0,0,123,0,776,0,0,0,14475,115,39933,0,0,70622,0,0,329,60,0,268,0,135,0,0,0,0,0,0,257,0,0,73,681,2463,0,1263,0,0,428,223,0,0,214193,41047,0,0,0,12611,2978217,0,0,0,0,0,0,0,0,1304,0,0,8258,1499,4741,0,0,0,0,1261,0,0,0,0,4133,0,0,0,0,308931,0,199,0,0,0,0,3012,0,0
0,0,0,0,115039,0,10650,241,0,0,78,0,0,0,16,0,16,0,26,0,437,23840,0,0,0,0,0,6698,1452,1392,0,0,0,0,0,406,0,0,309,5,19,3297,0,221,173,0,659,0,84808,4,0,84,0,2252,0,1311,0,0,0,0,0,0,115,122,0,0,48,0,527,68,0,0,54,0,0,8,6184,7499,0,0,0,0,0,0,0,0,0,0,0,0,0,0,0,0,26,0,2,0,0,0,0,0,2371,0,0,0,0,0,1,0,0,0,0,0,0,0,0,36,619,188,0,0,0,0,648,567,0,0,97,198,2997,0,0,0,118,0,0,0,0,0,0,0,72,0,0,0,0,0,2247,0,0,0,0,0,0,0,0,0,43,0,0,0,0,49216,0,4645,0,0,0,0,91,0,0
0,0,2408,13114,4450,0,85330,9451,0,0,11277,0,0,43510,1132,1169,8919,0,82,3474,4206,23308,985,150,129,961,628,307143,32631,4902,23268,0,655,0,125,17587,0,338,12480,3393,3351,132991,0,11215,24457,1989,18426,5674,35239,624,0,4273,0,49835,324,188843,0,508,1948,0,293,0,23340,7514,1071,12976,4851,1606,2956,7317,10909,2823,30043,0,0,1889,76680,54217,6329,5899,50667,0,0,0,216,53578,3669,0,815,451,8768,627,598,87,719,718,712,0,1386,0,0,57,741918,0,1602,1199,0,302,646,0,108,43,0,0,1050,0,0,3298,24368,16046,0,19794,0,0,11956,9115,35015,721,14179,6137,1615,7904,2412,2474,4502,0,0,0,752,14344,31,466,5176,1316,0,0,1764,722,17179,228,0,182,3750,286,69,0,5597,470,13431,1234,1000,2729,2217,0,331,10721,2625,0,381,0,13339,949,0
0,0,0,0,0,0,20,9,0,0,0,0,0,0,0,0,37,0,0,0,0,29,2964,0,0,0,0,12503,0,3,0,0,0,0,0,0,0,0,1,0,1,0,0,8,0,0,0,0,0,0,0,3,0,27,0,7129,0,0,0,0,0,0,7,0,314,0,0,0,0,5,0,0,2,0,0,0,0,20,229,0,0,0,0,0,0,0,0,0,0,0,0,412,0,0,0,0,0,0,0,0,0,0,0,0,0,0,0,0,0,0,0,0,0,0,0,0,0,0,58,0,0,0,0,0,0,21,0,0,0,0,0,0,0,0,0,0,0,0,0,0,0,0,0,0,0,0,0,0,0,0,0,0,0,0,0,0,6207,0,0,0,0,0,0,20919,0,114,0,0,0,0,0,0,0
0,0,0,0,1236,0,3360,782,0,0,393,0,0,0,25,0,28,0,0,0,664,2844,0,0,0,0,0,17656,3395,2514,0,0,0,0,0,43511,0,0,1360,68,85,8797,0,606,5132,0,6120,32,147826,8,0,132,0,5858,0,8754,0,0,0,0,0,0,1049,246,1791,0,73,55,4616,193,0,0,125,0,0,37,362,48962,0,70,0,0,0,0,0,0,0,0,0,0,0,60,0,0,0,17,35,0,0,0,0,0,10786,0,0,0,0,0,0,0,0,0,0,0,0,0,0,148,3333,631,0,0,0,0,8415,2995,0,0,75,21323,0,0,0,9,96,0,0,0,0,0,0,0,232,38,0,0,0,44,865,0,0,0,0,0,0,0,1672,0,39,0,0,0,523,171960,0,0,0,0,0,0,238,0,0
0,0,0,0,5,0,203800,2859,0,0,1161,0,0,26026,598,0,0,0,351,0,10,126,0,0,0,0,0,163612,10255,7,24413,0,0,0,0,0,0,0,1,68,53245,109195,0,9951,0,0,33,0,1112,11,0,4696,0,116235,0,28868,0,0,0,0,0,0,215,0,0,10704,0,0,0,3450,0,587,622,0,0,490,0,5257,0,0,41781,0,0,122,40384,91350,0,11078,0,0,0,0,0,0,40,47,10,0,0,0,0,0,81,0,0,0,0,0,225,0,0,0,0,83515,0,0,0,0,12185,12958,0,5572,0,0,50,0,406,0,2896,48,0,0,0,11,13416,0,0,0,0,0,0,0,0,0,0,0,1737,0,14584,0,0,0,6519,0,199,0,0,0,29,0,0,12349,0,1174884,0,11,0,0,0,28,128,0,0
0,0,0,0,8,0,1300,6,0,0,0,0,0,0,1,0,0,0,0,0,0,0,0,0,0,0,0,0,0,1,0,0,0,0,0,194,0,0,0,0,1,0,0,3,0,0,0,0,0,0,0,1,179,684,0,150,0,0,0,0,0,0,73,0,0,0,0,0,0,0,0,0,1,0,0,0,0,23,0,0,0,0,0,0,0,0,0,0,0,0,0,0,0,0,0,0,0,0,0,0,0,0,0,0,0,0,0,0,0,0,0,0,0,0,0,0,0,0,0,0,0,0,0,0,0,0,0,98,0,0,0,0,0,0,0,0,0,0,0,0,71,0,0,0,0,0,0,0,0,0,0,0,0,0,0,0,0,0,0,0,0,0,0,0,0,0,0,0,17,0,0,0,0
0,0,0,0,0,0,20450,4,0,0,0,0,0,0,6,0,0,0,0,0,0,0,0,0,0,0,0,112,0,0,0,0,0,0,0,0,0,0,0,0,0,0,0,19,0,0,0,0,0,0,0,3,287,17,0,207,0,0,0,0,0,0,459,0,0,0,0,0,0,0,0,0,13,0,0,0,0,68,0,0,0,0,0,0,0,0,0,0,0,0,0,0,0,0,0,0,0,0,0,0,0,0,0,0,0,0,0,0,0,0,0,0,0,0,0,0,0,0,19,0,0,50946,0,0,0,0,0,0,0,0,0,0,0,0,0,0,0,0,0,0,0,0,0,0,0,0,0,0,26,0,0,0,0,0,0,293,0,0,0,0,0,0,0,14999,0,0,0,0,0,0,0,0,0
0,0,0,172602,0,0,630,81,0,0,53,0,0,0,45,15381,0,0,30,0,0,0,0,0,0,0,0,1938,394,0,0,0,0,0,0,0,0,0,0,16,179,2797,240,154,0,4302,0,5354,96,1,118,37,0,450,0,17273,0,0,0,0,0,0,28,0,0,0,0,0,0,274,0,0,30,0,1996,1,29931,263,0,5367,0,0,0,0,0,0,47616,0,741,0,18963,0,0,0,0,0,0,0,0,0,0,0,0,0,0,0,0,0,0,0,0,0,0,0,0,0,0,28,377,170,0,0,0,0,0,0,0,0,118,0,0,1482,33584,0,636,0,482400,0,0,0,0,0,0,0,0,0,28,0,605,0,0,0,0,0,0,0,0,0,68,0,0,0,0,33981,0,0,0,0,0,0,69,0,0
0,5118,0,0,126,0,155930,2388,0,0,796,0,0,0,127,0,96,0,0,0,15,1573,0,0,0,28048,60,42219,6498,12446,0,0,0,0,0,50,0,0,57,5300,282,17756,0,1639,10,0,84,210,2437,23,0,650,0,4789,8,194701,0,0,0,0,0,0,7061,0,0,0,0,202,0,338,0,0,8794,0,0,67,11365,5656,0,131,0,0,110,0,0,1548,0,0,0,0,574,9,257,2544,0,30,13,0,0,0,0,0,193,0,0,162,0,0,0,8566,0,541,8272,0,8481,0,0,0,12910,1169,0,48514,0,0,39,108,800,0,395,9728,0,0,0,0,236,0,0,0,0,0,0,219,0,145,0,0,88,37,2023,12067,0,0,0,0,0,0,0,0,291,678,0,0,0,79282,0,69,0,0,0,0,0,3072,18910
0,251,0,0,1,0,6200,97,0,0,119,0,0,0,11,0,0,0,0,0,2,0,0,0,0,9659,0,3560,312,3,0,0,0,0,0,0,0,0,0,145,51,893,0,540,0,0,0,25,149,1,0,155,0,320,0,27503,0,0,0,0,0,0,244,0,0,0,0,46,0,18,0,705,333,0,0,7,0,874,0,0,0,0,0,0,0,0,0,0,0,0,0,0,0,68,0,0,0,0,0,0,0,0,0,0,0,0,0,0,0,5722,0,0,42865,0,3024,0,0,0,950,468,0,1374,0,0,0,0,0,0,44,0,0,0,0,0,463,0,0,0,0,0,0,0,0,59,0,0,0,0,405,0,0,0,0,26,0,0,0,0,0,10265,0,0,0,16789,0,0,0,0,0,0,44090,0,30373
0,0,0,0,2,0,33720,255,0,0,128,0,0,0,28,0,14,0,0,0,3,101,0,0,0,23803,0,9948,914,7,0,0,0,0,0,0,0,0,1,326,37,0,0,352,0,0,0,32,306,6,0,65,0,648,0,118337,0,0,0,0,0,0,429,0,0,0,0,0,0,39,0,0,3033,0,0,10,0,881,0,0,0,0,0,0,0,0,0,0,0,0,0,1,0,68,0,0,4,0,0,0,0,0,0,0,0,34,0,0,0,24481,0,0,37189,0,14449,0,0,0,1392,228,0,8170,0,0,0,0,0,0,107,1010,0,0,0,0,71,0,0,0,0,0,0,0,0,29,0,0,0,0,442,0,0,0,1,0,0,0,0,0,0,809,0,0,0,42811,0,15,0,0,0,0,324228,17106,0
